amt,category,lat,long,merch_lat,merch_long,city_pop,age,trans_year,trans_month,trans_day,trans_hour,distance_to_merch,prediction
1.07,5,41.0,-72.0,41.0,-71.0,5438,55,2020,8,2,7,66.56367312577144,Not Fraudulent
94.99,4,35.0,-96.0,35.0,-95.0,7163,38,2020,8,23,14,85.4159373905469,Not Fraudulent
31.28,4,40.0,-93.0,39.0,-93.0,602,66,2020,12,28,16,16.266627811173155,Not Fraudulent
73.06,12,35.0,-96.0,36.0,-96.0,7163,38,2020,11,14,10,110.43421648924543,Not Fraudulent
9.99,10,41.0,-95.0,40.0,-94.0,2036,49,2020,10,19,1,72.33095796670004,Not Fraudulent
28.5,0,27.0,-99.0,27.0,-99.0,248858,49,2020,11,15,17,21.34004551274832,Not Fraudulent
9.09,5,44.0,-74.0,44.0,-74.0,69,29,2020,11,24,22,41.09913688709279,Not Fraudulent
1.64,1,39.0,-78.0,40.0,-78.0,626,59,2020,6,21,20,64.10127136874614,Not Fraudulent
55.9,12,32.0,-96.0,32.0,-97.0,1563,42,2020,12,12,10,81.37523358780348,Not Fraudulent
50.61,4,33.0,-117.0,34.0,-118.0,54287,48,2020,12,4,16,104.39023905388329,Not Fraudulent
2.35,8,39.0,-85.0,38.0,-84.0,3289,50,2020,7,8,9,84.66250394587355,Not Fraudulent
35.91,2,38.0,-86.0,37.0,-87.0,965,38,2020,10,18,5,106.08986597431674,Not Fraudulent
2.63,0,40.0,-95.0,39.0,-95.0,7297,30,2020,9,12,12,105.40208775146957,Not Fraudulent
127.16,6,35.0,-84.0,36.0,-85.0,391389,26,2020,7,28,16,81.06613430413816,Not Fraudulent
125.11,11,42.0,-73.0,41.0,-73.0,2121,46,2020,10,7,9,63.10287845634852,Not Fraudulent
168.65,7,26.0,-99.0,26.0,-98.0,18128,29,2020,8,26,14,61.03729867068017,Not Fraudulent
66.36,13,31.0,-94.0,31.0,-95.0,2836,34,2020,9,5,7,66.84028573903127,Not Fraudulent
91.11,8,29.0,-95.0,29.0,-95.0,2906700,35,2020,9,28,19,25.287491973536437,Not Fraudulent
42.21,10,40.0,-79.0,41.0,-80.0,2054,57,2020,11,9,5,111.39901857927119,Not Fraudulent
127.2,11,41.0,-80.0,40.0,-80.0,75903,63,2020,7,12,4,43.29479281747422,Not Fraudulent
5.22,9,40.0,-74.0,39.0,-73.0,18459,91,2020,10,30,8,79.68422388823363,Not Fraudulent
144.89,11,39.0,-86.0,39.0,-85.0,76,65,2020,12,5,8,83.15391684212241,Not Fraudulent
206.0,5,32.0,-94.0,31.0,-94.0,24536,37,2020,12,16,15,89.78880376213318,Not Fraudulent
81.54,7,41.0,-105.0,41.0,-105.0,35371,31,2020,8,19,13,6.951086997028144,Not Fraudulent
34.34,1,33.0,-96.0,34.0,-97.0,4090,43,2020,11,27,23,107.44158953600345,Not Fraudulent
58.25,12,33.0,-81.0,33.0,-81.0,2206,33,2020,7,31,3,62.931802410532576,Not Fraudulent
113.8,8,42.0,-83.0,41.0,-82.0,6951,35,2020,8,23,20,114.73887864298467,Not Fraudulent
4.38,3,33.0,-80.0,34.0,-80.0,4471,47,2020,12,20,20,122.31120910148863,Not Fraudulent
6.5,9,41.0,-104.0,41.0,-104.0,635,47,2020,10,24,21,68.4340153832165,Not Fraudulent
7.66,0,26.0,-81.0,26.0,-81.0,224256,35,2020,12,20,23,66.8414627237033,Not Fraudulent
7.84,5,35.0,-108.0,35.0,-108.0,5662,31,2020,11,15,15,19.341228785986,Not Fraudulent
32.81,0,38.0,-122.0,37.0,-123.0,198,61,2020,12,8,16,82.42276615935704,Not Fraudulent
19.03,1,36.0,-96.0,36.0,-95.0,413574,49,2020,12,27,15,54.99414545871203,Not Fraudulent
19.85,8,43.0,-111.0,43.0,-111.0,471,53,2020,11,6,17,122.3002644976883,Not Fraudulent
37.77,13,31.0,-101.0,31.0,-100.0,1143,58,2020,10,28,7,65.77551405846502,Not Fraudulent
49.79,12,39.0,-98.0,39.0,-97.0,242,33,2020,12,22,3,48.354967971101836,Not Fraudulent
4.43,9,31.0,-90.0,30.0,-90.0,1196,62,2020,12,25,11,88.94378251602002,Not Fraudulent
80.19,4,39.0,-86.0,39.0,-86.0,910148,44,2020,10,25,12,31.953523134562975,Not Fraudulent
74.68,12,45.0,-111.0,44.0,-110.0,18182,45,2020,12,9,4,89.20638209215171,Not Fraudulent
4.84,3,43.0,-108.0,43.0,-108.0,19408,26,2020,7,21,23,105.9472221064226,Not Fraudulent
4.49,9,44.0,-92.0,43.0,-92.0,753116,48,2020,7,7,15,130.51102778546556,Not Fraudulent
66.76,12,40.0,-79.0,39.0,-78.0,922,47,2020,7,19,10,76.16312221626755,Not Fraudulent
21.86,2,33.0,-111.0,32.0,-111.0,2872,32,2020,8,11,11,88.46011407990474,Not Fraudulent
45.02,6,30.0,-88.0,31.0,-88.0,270712,48,2020,11,17,13,48.20694975554685,Not Fraudulent
248.24,11,30.0,-90.0,29.0,-90.0,10076,42,2020,8,24,10,39.287736862616626,Not Fraudulent
53.31,1,34.0,-87.0,34.0,-88.0,1312,65,2020,7,18,12,61.23938379630663,Not Fraudulent
38.27,10,39.0,-86.0,40.0,-85.0,910148,33,2020,11,20,2,78.19749420605213,Not Fraudulent
27.59,7,39.0,-88.0,39.0,-87.0,2092,58,2020,7,4,15,107.53547976005407,Not Fraudulent
100.04,12,40.0,-74.0,41.0,-74.0,1577385,59,2020,12,27,10,129.5326430361574,Not Fraudulent
62.49,6,44.0,-116.0,44.0,-116.0,129,54,2020,12,7,16,67.59034645642103,Not Fraudulent
64.41,0,35.0,-91.0,34.0,-91.0,111,20,2020,12,7,13,95.74945762812742,Not Fraudulent
2.74,5,44.0,-69.0,44.0,-69.0,3224,22,2020,8,18,16,79.25692075438317,Not Fraudulent
11.29,1,34.0,-78.0,33.0,-78.0,2290,75,2020,12,15,22,101.65835190811859,Not Fraudulent
61.91,4,39.0,-76.0,39.0,-76.0,7565,68,2020,11,8,13,43.974192156940376,Not Fraudulent
141.36,10,47.0,-100.0,47.0,-100.0,1190,72,2020,8,11,7,91.23289596421968,Not Fraudulent
9.24,3,44.0,-73.0,44.0,-74.0,2148,67,2020,12,1,14,63.298899721830075,Not Fraudulent
11.94,7,26.0,-82.0,26.0,-82.0,3776,44,2020,9,25,17,59.46129217224224,Not Fraudulent
70.01,13,32.0,-85.0,32.0,-84.0,59744,36,2020,12,1,4,68.002596206933,Not Fraudulent
90.05,1,41.0,-78.0,41.0,-78.0,3688,32,2020,10,16,16,97.34704290284233,Not Fraudulent
130.43,6,38.0,-122.0,38.0,-123.0,94014,35,2020,12,11,22,74.56173769799298,Not Fraudulent
41.21,5,47.0,-122.0,47.0,-122.0,50489,36,2020,10,3,15,38.717872127206654,Not Fraudulent
50.42,1,44.0,-116.0,44.0,-116.0,129,54,2020,12,6,19,33.26764127906412,Not Fraudulent
57.01,6,41.0,-74.0,40.0,-74.0,2258,83,2020,12,24,15,72.99754892474259,Not Fraudulent
152.31,7,30.0,-91.0,29.0,-91.0,1178,69,2020,12,7,15,80.74723575751088,Not Fraudulent
125.27,11,34.0,-95.0,34.0,-95.0,861,60,2020,7,20,4,70.75970680838923,Not Fraudulent
6.67,9,29.0,-96.0,29.0,-95.0,106,37,2020,12,5,15,59.35281083976102,Not Fraudulent
80.1,6,38.0,-94.0,39.0,-95.0,5760,42,2020,11,23,20,102.15691117602232,Not Fraudulent
10.07,8,41.0,-72.0,42.0,-73.0,370,58,2020,12,6,19,62.44893873431985,Not Fraudulent
90.42,11,36.0,-91.0,36.0,-92.0,1679,34,2020,7,29,4,41.28632915907715,Not Fraudulent
79.2,12,37.0,-76.0,36.0,-75.0,136895,81,2020,11,3,5,40.070589833729215,Not Fraudulent
21.94,6,34.0,-79.0,35.0,-79.0,14783,64,2020,9,6,13,94.3762823807119,Not Fraudulent
18.95,10,30.0,-83.0,31.0,-82.0,10295,22,2020,6,25,23,57.36193406829404,Not Fraudulent
99.38,11,38.0,-86.0,39.0,-85.0,965,38,2020,6,27,4,115.4254479557761,Not Fraudulent
13.54,6,39.0,-84.0,39.0,-85.0,479994,49,2020,8,11,13,71.4099813220034,Not Fraudulent
32.65,8,46.0,-96.0,47.0,-96.0,4508,71,2020,8,1,7,111.51715905383861,Not Fraudulent
61.17,13,45.0,-123.0,45.0,-124.0,1530,33,2020,7,13,2,74.74524009852273,Not Fraudulent
183.01,11,32.0,-96.0,33.0,-96.0,1263321,45,2020,12,24,4,93.51417353388413,Not Fraudulent
46.45,11,29.0,-95.0,28.0,-96.0,28739,20,2020,8,21,1,107.07434965568423,Not Fraudulent
226.97,7,34.0,-90.0,33.0,-90.0,466,65,2020,12,10,12,109.05933179374699,Not Fraudulent
5.66,3,42.0,-87.0,43.0,-87.0,13973,39,2020,8,22,23,70.88969429367263,Not Fraudulent
24.22,13,29.0,-95.0,28.0,-95.0,28739,20,2020,12,13,8,38.57793514059339,Not Fraudulent
98.41,5,39.0,-83.0,39.0,-84.0,22305,81,2020,10,2,1,75.01463398351841,Not Fraudulent
98.88,12,42.0,-84.0,42.0,-84.0,2523,32,2020,12,3,1,71.36670800554117,Not Fraudulent
1.84,1,39.0,-76.0,38.0,-75.0,5451,59,2020,12,7,15,82.01362000532991,Not Fraudulent
31.97,6,38.0,-92.0,37.0,-93.0,1847,32,2020,12,7,17,62.57636523498017,Not Fraudulent
75.94,8,40.0,-90.0,40.0,-90.0,631,47,2020,7,1,17,18.228777412239538,Not Fraudulent
7.24,5,33.0,-81.0,33.0,-81.0,46944,78,2020,11,6,11,85.1671472089955,Not Fraudulent
120.34,11,40.0,-85.0,40.0,-84.0,2304,65,2020,8,2,6,91.50102282487697,Not Fraudulent
20.49,6,30.0,-95.0,30.0,-95.0,34153,25,2020,10,29,14,40.102281512682374,Not Fraudulent
53.82,12,33.0,-80.0,34.0,-80.0,333497,52,2020,8,11,4,108.0992652774346,Not Fraudulent
58.63,12,36.0,-97.0,36.0,-96.0,55345,72,2020,11,19,10,97.78057071398919,Not Fraudulent
33.21,13,39.0,-86.0,40.0,-85.0,910148,33,2020,11,23,5,79.54510341195729,Not Fraudulent
2.85,9,38.0,-77.0,38.0,-76.0,207410,36,2020,7,18,13,29.512254024944074,Not Fraudulent
8.94,1,29.0,-90.0,29.0,-90.0,55581,48,2020,12,11,19,38.194808469843345,Not Fraudulent
64.73,12,48.0,-96.0,47.0,-96.0,140,78,2020,8,18,4,92.7986230586811,Not Fraudulent
5.93,9,40.0,-83.0,41.0,-83.0,118,62,2020,10,6,9,35.945758639999895,Not Fraudulent
65.37,12,43.0,-93.0,44.0,-93.0,1087,57,2020,9,21,1,93.98101233284802,Not Fraudulent
70.87,4,38.0,-81.0,39.0,-80.0,5512,40,2020,12,1,20,133.17626938165913,Not Fraudulent
103.75,1,43.0,-75.0,43.0,-75.0,1684,26,2020,9,29,13,79.3088480863747,Not Fraudulent
9.94,3,33.0,-86.0,33.0,-87.0,71463,31,2020,11,2,16,60.63739970424424,Not Fraudulent
8.74,7,41.0,-81.0,41.0,-81.0,47772,54,2020,8,29,21,46.892621785907146,Not Fraudulent
15.82,0,40.0,-75.0,40.0,-75.0,1526206,35,2020,12,25,23,68.5840561702904,Not Fraudulent
60.67,7,39.0,-84.0,39.0,-84.0,177,46,2020,8,25,17,53.69913591584959,Not Fraudulent
602.11,3,38.0,-78.0,39.0,-78.0,395,38,2020,9,5,21,111.31590090900089,Not Fraudulent
6.04,5,42.0,-84.0,41.0,-84.0,2523,32,2020,12,13,21,77.58519538218323,Not Fraudulent
99.25,11,42.0,-82.0,43.0,-81.0,16305,93,2020,7,25,7,127.95916745431037,Not Fraudulent
8.55,5,41.0,-72.0,41.0,-72.0,5438,56,2020,11,30,8,25.403377862551803,Not Fraudulent
91.29,11,40.0,-91.0,41.0,-91.0,888,32,2020,12,19,5,66.57813961647346,Not Fraudulent
6.98,5,44.0,-86.0,43.0,-85.0,680,53,2020,12,14,10,118.93703466185339,Not Fraudulent
100.53,6,38.0,-109.0,38.0,-108.0,9772,31,2020,12,13,17,58.09488554465351,Not Fraudulent
14.49,0,34.0,-81.0,33.0,-81.0,8333,26,2020,9,28,19,45.26326221165648,Not Fraudulent
61.4,13,42.0,-73.0,42.0,-72.0,647,32,2020,8,7,7,120.46516895007191,Not Fraudulent
46.15,12,44.0,-69.0,43.0,-69.0,3224,23,2020,11,2,8,24.003846757024345,Not Fraudulent
44.23,5,34.0,-77.0,33.0,-77.0,186140,37,2020,9,13,20,71.61482868916114,Not Fraudulent
13.97,8,40.0,-85.0,41.0,-86.0,2304,65,2020,12,4,22,76.34409598099231,Not Fraudulent
13.67,4,31.0,-81.0,31.0,-81.0,5989,53,2020,11,14,13,43.47675949145669,Not Fraudulent
56.42,13,46.0,-117.0,45.0,-116.0,761,77,2020,12,21,8,103.40872603452303,Not Fraudulent
2.32,10,37.0,-80.0,36.0,-81.0,4575,28,2020,8,16,2,127.73772691172742,Not Fraudulent
81.77,8,45.0,-108.0,44.0,-108.0,1446,42,2020,7,26,14,46.308975773216495,Not Fraudulent
66.74,7,41.0,-110.0,40.0,-110.0,49,39,2020,8,21,13,106.12624680554613,Not Fraudulent
181.25,6,26.0,-81.0,26.0,-81.0,276002,86,2020,7,29,6,68.08686857669608,Not Fraudulent
2.22,6,37.0,-77.0,38.0,-77.0,976,21,2020,9,4,14,82.93066047354417,Not Fraudulent
47.98,8,37.0,-80.0,37.0,-79.0,2443,79,2020,11,8,11,72.17661088457808,Not Fraudulent
62.61,1,34.0,-77.0,34.0,-77.0,186140,37,2020,11,2,21,66.0048326739539,Not Fraudulent
5.37,3,38.0,-109.0,38.0,-108.0,46,33,2020,7,11,14,86.19313610263066,Not Fraudulent
4.06,8,40.0,-74.0,40.0,-74.0,18459,91,2020,12,6,0,62.510983761257826,Not Fraudulent
7.24,5,40.0,-84.0,39.0,-85.0,22930,48,2020,9,27,13,78.55521043381248,Not Fraudulent
4.74,5,42.0,-104.0,42.0,-105.0,241,39,2020,10,25,18,84.38825594195347,Not Fraudulent
123.69,11,38.0,-89.0,38.0,-89.0,2135,59,2020,9,29,9,36.094754016946126,Not Fraudulent
1037.36,9,32.0,-96.0,32.0,-95.0,20328,35,2020,8,17,15,72.95961898152157,Not Fraudulent
21.8,5,41.0,-89.0,41.0,-88.0,532,64,2020,10,31,9,88.22882668615885,Not Fraudulent
42.38,7,41.0,-79.0,41.0,-80.0,139,66,2020,11,2,16,115.38564217619127,Not Fraudulent
16.32,7,33.0,-81.0,33.0,-81.0,46944,78,2020,12,5,20,41.584364618973616,Not Fraudulent
132.08,5,38.0,-120.0,37.0,-120.0,832,33,2020,6,24,12,71.94759959765035,Not Fraudulent
19.66,5,48.0,-108.0,48.0,-108.0,192,56,2020,8,9,11,39.149701670505586,Not Fraudulent
45.84,6,43.0,-70.0,42.0,-70.0,1892,64,2020,7,12,15,106.94025104612187,Not Fraudulent
2.95,5,44.0,-94.0,43.0,-94.0,914,76,2020,12,15,8,88.44471555316358,Not Fraudulent
20.78,4,42.0,-88.0,42.0,-88.0,2328,78,2020,8,17,20,79.86919768945846,Not Fraudulent
81.66,11,35.0,-89.0,34.0,-89.0,1804,45,2020,8,31,0,18.90155728121833,Not Fraudulent
31.74,6,38.0,-122.0,38.0,-121.0,198,61,2020,12,20,14,71.0478859716649,Not Fraudulent
8.02,10,35.0,-79.0,35.0,-78.0,238602,27,2020,12,16,10,94.0449792251926,Not Fraudulent
15.9,0,29.0,-95.0,30.0,-95.0,2906700,37,2020,12,26,23,109.93870995802057,Not Fraudulent
25.3,6,44.0,-85.0,44.0,-85.0,1126,65,2020,12,5,16,46.37849450636531,Not Fraudulent
321.12,4,42.0,-78.0,42.0,-77.0,239,64,2020,8,30,18,67.1619995877363,Not Fraudulent
4.84,2,33.0,-86.0,34.0,-86.0,493806,40,2020,8,25,23,94.58928289487703,Not Fraudulent
53.62,1,48.0,-118.0,49.0,-117.0,149,42,2020,9,28,20,107.41409261565889,Not Fraudulent
3.59,10,36.0,-84.0,37.0,-85.0,1565,52,2020,11,10,10,69.54842768668817,Not Fraudulent
11.23,4,32.0,-86.0,32.0,-87.0,800,87,2020,9,8,14,70.709324015792,Not Fraudulent
147.2,5,39.0,-93.0,39.0,-92.0,964,45,2020,12,20,19,43.40810226880188,Not Fraudulent
56.02,13,38.0,-122.0,38.0,-121.0,198,61,2020,12,27,7,101.88191681902894,Not Fraudulent
200.81,11,35.0,-106.0,35.0,-105.0,641349,44,2020,11,30,7,99.28384899659669,Not Fraudulent
8.81,5,32.0,-79.0,32.0,-79.0,20478,23,2020,9,11,16,61.53184856997113,Not Fraudulent
5.54,10,40.0,-77.0,39.0,-77.0,1334,33,2020,11,4,18,104.43532704435233,Not Fraudulent
7.88,7,36.0,-78.0,37.0,-78.0,1970,35,2020,11,1,12,39.128364814611416,Not Fraudulent
10.21,7,39.0,-78.0,38.0,-78.0,3766,36,2020,11,11,13,111.03266806475779,Not Fraudulent
63.23,12,42.0,-73.0,42.0,-74.0,2121,47,2020,12,24,6,75.36977335997724,Not Fraudulent
73.17,12,35.0,-108.0,35.0,-108.0,5662,31,2020,7,26,10,45.60601250476298,Not Fraudulent
5.32,0,41.0,-92.0,42.0,-91.0,1583,21,2020,12,25,13,124.67898186367253,Not Fraudulent
1.8,2,40.0,-74.0,41.0,-73.0,124967,39,2020,6,22,21,88.75270500391333,Not Fraudulent
37.31,13,42.0,-73.0,42.0,-72.0,647,32,2020,9,1,11,67.06936366878027,Not Fraudulent
108.87,8,44.0,-73.0,43.0,-74.0,2148,67,2020,11,16,14,118.51076863458955,Not Fraudulent
38.57,8,36.0,-79.0,36.0,-80.0,6006,35,2020,6,29,22,63.924258827579195,Not Fraudulent
89.76,12,32.0,-81.0,33.0,-81.0,302,47,2020,12,29,1,88.92281590925482,Not Fraudulent
135.82,11,45.0,-121.0,46.0,-122.0,1288,84,2020,6,26,3,63.372613238264755,Not Fraudulent
14.82,0,27.0,-82.0,28.0,-83.0,341043,31,2020,11,3,21,50.709777714282254,Not Fraudulent
17.22,8,39.0,-76.0,39.0,-75.0,3862,57,2020,7,6,6,93.77112656087351,Not Fraudulent
18.3,6,33.0,-118.0,33.0,-118.0,105549,47,2020,12,22,17,8.597648473978621,Not Fraudulent
480.56,9,47.0,-122.0,47.0,-121.0,50489,36,2020,6,21,19,76.08635013432671,Not Fraudulent
4.35,9,42.0,-83.0,42.0,-83.0,24840,60,2020,12,28,7,46.95866486307715,Not Fraudulent
137.26,11,44.0,-70.0,44.0,-70.0,190,50,2020,7,11,7,48.35984823004935,Not Fraudulent
9.42,2,28.0,-80.0,29.0,-80.0,54767,32,2020,6,29,15,73.07856217293653,Not Fraudulent
25.14,5,43.0,-75.0,43.0,-76.0,8830,29,2020,8,9,12,67.71161077798116,Not Fraudulent
16.39,1,43.0,-83.0,42.0,-83.0,67858,25,2020,12,28,23,77.61857852061925,Not Fraudulent
189.61,5,33.0,-96.0,32.0,-97.0,4090,43,2020,12,25,15,104.91853934375973,Not Fraudulent
2.46,10,37.0,-82.0,37.0,-82.0,502,60,2020,12,30,3,93.75664622313263,Not Fraudulent
196.36,11,34.0,-91.0,34.0,-90.0,5161,27,2020,12,9,0,37.580402756049885,Not Fraudulent
63.76,13,37.0,-100.0,37.0,-101.0,2691,27,2020,12,22,11,45.692916926272474,Not Fraudulent
37.85,8,36.0,-81.0,36.0,-81.0,3495,32,2020,12,15,17,45.317498501282685,Not Fraudulent
8.38,9,41.0,-89.0,41.0,-89.0,532,64,2020,9,12,6,62.65858047531282,Not Fraudulent
8.08,5,30.0,-84.0,31.0,-84.0,3430,70,2020,11,17,6,81.60815509584535,Not Fraudulent
1.22,5,30.0,-88.0,30.0,-87.0,15647,62,2020,10,3,11,46.84552958277602,Not Fraudulent
83.01,11,34.0,-82.0,33.0,-81.0,1523,36,2020,10,11,9,50.9363525026807,Not Fraudulent
56.09,7,43.0,-70.0,43.0,-69.0,18760,87,2020,11,8,16,63.933426226021034,Not Fraudulent
69.99,11,38.0,-109.0,38.0,-109.0,46,33,2020,8,11,3,28.63379372496571,Not Fraudulent
2.58,9,48.0,-103.0,48.0,-103.0,248,52,2020,7,13,1,25.340476418109645,Not Fraudulent
53.57,6,41.0,-93.0,40.0,-94.0,222785,64,2020,12,8,6,104.78704249151775,Not Fraudulent
2.41,9,33.0,-81.0,32.0,-81.0,1514,53,2020,11,14,11,93.28222379233759,Not Fraudulent
9.95,5,47.0,-122.0,48.0,-122.0,50489,36,2020,9,18,21,99.8891973084653,Not Fraudulent
2.46,5,39.0,-100.0,39.0,-99.0,169,67,2020,10,19,2,57.00013062155753,Not Fraudulent
52.94,4,43.0,-72.0,43.0,-72.0,2971,72,2020,11,24,23,57.5530186075813,Not Fraudulent
130.12,6,35.0,-96.0,36.0,-97.0,7163,38,2020,8,16,19,90.20716424647655,Not Fraudulent
68.42,8,38.0,-75.0,37.0,-75.0,718,35,2020,11,30,17,78.19542210908745,Not Fraudulent
36.33,2,40.0,-80.0,39.0,-80.0,198,42,2020,11,8,7,108.77326593253774,Not Fraudulent
50.5,12,36.0,-84.0,36.0,-85.0,1565,52,2020,10,26,8,64.79112293348668,Not Fraudulent
7.32,7,36.0,-84.0,36.0,-85.0,1565,52,2020,11,7,18,89.13297877583638,Not Fraudulent
34.03,1,33.0,-96.0,34.0,-96.0,46563,50,2020,12,10,20,74.94265177323211,Not Fraudulent
25.95,1,29.0,-98.0,29.0,-98.0,1595797,25,2020,11,23,18,37.177337615540765,Not Fraudulent
239.39,2,43.0,-73.0,43.0,-73.0,5895,45,2020,10,1,11,67.9580675586608,Not Fraudulent
53.21,12,43.0,-83.0,44.0,-83.0,67858,25,2020,7,6,9,69.4403226666656,Not Fraudulent
5.79,10,46.0,-86.0,46.0,-87.0,765,48,2020,11,30,14,55.40647234935967,Not Fraudulent
53.14,7,32.0,-117.0,33.0,-117.0,1241364,32,2020,10,5,23,61.72077178003785,Not Fraudulent
118.42,11,43.0,-72.0,43.0,-73.0,828,63,2020,11,1,7,57.857900977927365,Not Fraudulent
54.77,7,30.0,-91.0,30.0,-91.0,1178,69,2020,9,6,13,63.339577730981325,Not Fraudulent
51.82,13,39.0,-75.0,39.0,-74.0,504,40,2020,10,24,8,36.29222912997302,Not Fraudulent
4.47,5,41.0,-73.0,41.0,-74.0,5950,49,2020,12,17,16,71.7325253072486,Not Fraudulent
35.19,12,42.0,-76.0,42.0,-77.0,520,28,2020,6,30,0,88.5604470212334,Not Fraudulent
1.55,5,32.0,-97.0,32.0,-96.0,95035,33,2020,12,31,12,59.84144154618988,Not Fraudulent
69.42,8,43.0,-90.0,42.0,-91.0,153,58,2020,12,25,18,74.19186755628682,Not Fraudulent
14.09,8,42.0,-88.0,42.0,-88.0,2328,78,2020,8,10,17,83.43351062286014,Not Fraudulent
74.67,7,48.0,-102.0,49.0,-102.0,229,37,2020,12,12,19,104.45432291449859,Not Fraudulent
3.3,5,41.0,-96.0,40.0,-97.0,1745,46,2020,12,22,14,115.47431391399844,Not Fraudulent
2.99,10,41.0,-122.0,41.0,-122.0,589,74,2020,8,3,10,40.64563119986917,Not Fraudulent
56.11,0,36.0,-94.0,36.0,-94.0,6434,52,2020,7,14,17,26.05036947759244,Not Fraudulent
20.8,2,41.0,-101.0,41.0,-100.0,1789,38,2020,7,14,18,67.33064955769402,Not Fraudulent
5.42,5,41.0,-81.0,41.0,-81.0,7646,31,2020,6,22,18,23.554635162187182,Not Fraudulent
9.18,1,31.0,-82.0,32.0,-82.0,1324,94,2020,9,27,15,45.793867736505376,Not Fraudulent
144.19,5,45.0,-113.0,45.0,-114.0,218,25,2020,9,11,14,91.320189995917,Not Fraudulent
105.55,7,32.0,-94.0,32.0,-93.0,2807,89,2020,8,9,12,46.25182669409521,Not Fraudulent
108.44,11,41.0,-90.0,41.0,-91.0,1504,26,2020,9,14,10,23.65423821452128,Not Fraudulent
1.67,5,33.0,-96.0,32.0,-97.0,46563,50,2020,10,13,13,124.49267435057118,Not Fraudulent
84.34,4,41.0,-74.0,41.0,-74.0,722,30,2020,11,6,17,32.001207258924765,Not Fraudulent
42.15,5,38.0,-94.0,39.0,-94.0,545147,32,2020,8,16,21,46.413017241668356,Not Fraudulent
62.28,6,46.0,-96.0,46.0,-97.0,291,29,2020,8,11,22,87.18673232209144,Not Fraudulent
42.08,6,26.0,-81.0,26.0,-82.0,156391,52,2020,12,29,2,100.32321800691714,Not Fraudulent
88.58,13,39.0,-94.0,39.0,-94.0,123373,27,2020,10,4,6,89.43692952569835,Not Fraudulent
12.71,1,42.0,-75.0,43.0,-74.0,165,75,2020,12,20,22,110.27903943929846,Not Fraudulent
8.27,7,41.0,-73.0,41.0,-73.0,7987,56,2020,12,6,16,14.323545185324882,Not Fraudulent
16.75,6,40.0,-79.0,41.0,-80.0,687276,46,2020,7,13,19,93.65726761046916,Not Fraudulent
11.17,2,24.0,-81.0,24.0,-80.0,32891,33,2020,7,28,16,39.39507315640259,Not Fraudulent
3.65,10,44.0,-103.0,44.0,-103.0,8007,79,2020,7,18,7,35.88497918718684,Not Fraudulent
55.85,9,36.0,-91.0,35.0,-91.0,4726,43,2020,10,20,18,113.38529768390963,Not Fraudulent
555.52,3,45.0,-84.0,46.0,-83.0,95,26,2020,9,7,17,68.3037619014119,Not Fraudulent
7.72,1,40.0,-73.0,39.0,-74.0,2504700,20,2020,7,28,21,97.77275305061336,Not Fraudulent
5.27,3,42.0,-87.0,42.0,-87.0,27020,33,2020,7,12,20,27.38504697788419,Not Fraudulent
526.6,5,32.0,-97.0,31.0,-97.0,5875,28,2020,8,25,18,92.90710917600477,Not Fraudulent
97.76,12,34.0,-99.0,34.0,-99.0,3202,22,2020,9,22,4,21.95008417471969,Not Fraudulent
57.71,8,38.0,-80.0,39.0,-81.0,571,53,2020,10,4,4,91.8013191270571,Not Fraudulent
17.47,2,40.0,-73.0,40.0,-73.0,34496,50,2020,11,15,2,16.006309275004224,Not Fraudulent
73.55,8,44.0,-90.0,43.0,-90.0,828,29,2020,12,18,16,97.074721863153,Not Fraudulent
121.12,11,40.0,-85.0,40.0,-85.0,2304,65,2020,12,19,10,47.850826298069876,Not Fraudulent
11.3,2,29.0,-90.0,29.0,-89.0,137067,68,2020,6,23,7,93.08521449127029,Not Fraudulent
28.42,4,36.0,-79.0,36.0,-79.0,6006,35,2020,6,23,22,78.1380716747752,Not Fraudulent
8.47,3,37.0,-122.0,36.0,-122.0,381459,46,2020,12,21,15,109.1186915009242,Not Fraudulent
34.29,7,37.0,-89.0,36.0,-89.0,2263,36,2020,12,21,22,102.74663252658554,Not Fraudulent
9.69,9,29.0,-90.0,30.0,-89.0,55581,48,2020,12,12,22,27.820993300451576,Not Fraudulent
24.9,6,33.0,-96.0,32.0,-96.0,46563,49,2020,8,15,14,94.7931990039019,Not Fraudulent
28.1,4,38.0,-94.0,38.0,-94.0,5760,41,2020,8,30,18,61.526269333995074,Not Fraudulent
29.66,8,44.0,-85.0,44.0,-85.0,3096,45,2020,11,21,20,29.9198669726783,Not Fraudulent
1.79,2,44.0,-73.0,45.0,-73.0,4542,22,2020,10,22,22,97.51609032402165,Not Fraudulent
58.06,1,32.0,-97.0,32.0,-96.0,95035,33,2020,10,20,23,103.68066306587703,Not Fraudulent
6.05,5,41.0,-73.0,41.0,-74.0,2471,54,2020,7,11,11,100.42489231036333,Not Fraudulent
33.01,4,42.0,-72.0,42.0,-71.0,4680,34,2020,10,3,17,80.89157289242223,Not Fraudulent
197.48,11,40.0,-74.0,40.0,-75.0,21125,35,2020,12,30,2,92.24984278000902,Not Fraudulent
67.92,6,29.0,-98.0,28.0,-97.0,1595797,24,2020,7,2,14,111.54477018216217,Not Fraudulent
34.49,7,40.0,-74.0,41.0,-73.0,18459,91,2020,7,17,20,79.93201115869576,Not Fraudulent
72.93,6,41.0,-81.0,41.0,-81.0,47772,54,2020,8,3,12,86.8186041929215,Not Fraudulent
90.72,11,48.0,-92.0,47.0,-92.0,1680,44,2020,12,28,0,21.426101885885796,Not Fraudulent
3.85,5,48.0,-103.0,49.0,-102.0,248,52,2020,10,3,11,81.550767136884,Not Fraudulent
27.99,1,42.0,-95.0,43.0,-94.0,885,71,2020,10,17,12,116.82979138041581,Not Fraudulent
183.48,11,32.0,-97.0,32.0,-97.0,5875,28,2020,8,17,0,67.77854584818837,Not Fraudulent
2.41,3,33.0,-89.0,32.0,-89.0,1923,60,2020,11,16,14,119.21739265032852,Not Fraudulent
5.87,9,20.0,-155.0,19.0,-155.0,4878,53,2020,11,10,10,81.76697296088903,Not Fraudulent
39.95,9,36.0,-91.0,36.0,-91.0,4726,43,2020,9,6,20,80.61248589500835,Not Fraudulent
29.11,5,36.0,-78.0,35.0,-77.0,12335,33,2020,12,25,14,115.42728736333429,Not Fraudulent
63.52,6,42.0,-73.0,42.0,-73.0,17867,21,2020,7,4,15,68.2766126736718,Not Fraudulent
143.14,11,34.0,-93.0,34.0,-93.0,1383,54,2020,12,21,2,55.24822570805689,Not Fraudulent
6.04,4,30.0,-103.0,30.0,-104.0,498,30,2020,11,25,21,83.40655687658662,Not Fraudulent
78.38,13,36.0,-79.0,36.0,-78.0,12486,86,2020,8,18,8,72.6965538951681,Not Fraudulent
103.68,4,39.0,-76.0,39.0,-77.0,9784,95,2020,7,12,16,47.12794567924282,Not Fraudulent
56.42,12,39.0,-98.0,39.0,-97.0,242,33,2020,11,23,8,82.33920882208189,Not Fraudulent
24.14,7,31.0,-82.0,31.0,-81.0,1324,94,2020,11,9,22,47.948025413595154,Not Fraudulent
8.12,1,33.0,-99.0,33.0,-99.0,932,65,2020,12,2,13,21.604519695208456,Not Fraudulent
100.65,11,29.0,-95.0,30.0,-95.0,2457,39,2020,8,9,11,73.79998947482672,Not Fraudulent
6.57,2,33.0,-112.0,34.0,-111.0,1312922,20,2020,9,21,21,58.99439122206364,Not Fraudulent
3.78,7,40.0,-77.0,40.0,-76.0,1909,66,2020,12,14,12,61.27573026812565,Not Fraudulent
102.4,1,41.0,-92.0,41.0,-91.0,568,51,2020,9,25,15,76.97352610542,Not Fraudulent
39.84,1,36.0,-91.0,37.0,-92.0,4726,43,2020,12,6,14,94.79567463773876,Not Fraudulent
46.56,4,44.0,-104.0,45.0,-105.0,110,47,2020,9,14,13,84.30604267859646,Not Fraudulent
104.68,4,34.0,-91.0,33.0,-91.0,5161,27,2020,6,29,23,74.56672803116138,Not Fraudulent
154.11,10,37.0,-82.0,38.0,-81.0,230,23,2020,8,15,20,125.4728835486954,Not Fraudulent
76.62,12,43.0,-88.0,42.0,-87.0,5196,42,2020,12,5,11,121.72840090359396,Not Fraudulent
40.28,4,28.0,-81.0,29.0,-81.0,88735,32,2020,12,31,23,50.72964075542541,Not Fraudulent
65.83,4,38.0,-90.0,37.0,-90.0,927396,60,2020,8,9,21,79.23205390314962,Not Fraudulent
2.76,7,43.0,-90.0,44.0,-91.0,153,58,2020,9,30,22,94.54655103490715,Not Fraudulent
5.84,9,41.0,-109.0,42.0,-108.0,27971,36,2020,10,12,22,74.9852942661106,Not Fraudulent
39.82,11,38.0,-78.0,37.0,-78.0,9815,44,2020,6,28,11,110.3295174570154,Not Fraudulent
88.1,2,41.0,-87.0,40.0,-86.0,2135,16,2020,8,16,19,53.130057763965944,Not Fraudulent
2.86,5,38.0,-81.0,39.0,-81.0,5512,40,2020,10,20,18,89.65601069580705,Not Fraudulent
60.43,11,35.0,-79.0,35.0,-78.0,238602,27,2020,12,30,8,62.84106456845777,Not Fraudulent
7.91,5,40.0,-85.0,41.0,-86.0,2304,64,2020,7,19,8,88.245707384738,Not Fraudulent
2.54,10,39.0,-75.0,38.0,-75.0,804,55,2020,9,6,11,92.4783748793802,Not Fraudulent
75.57,13,36.0,-81.0,37.0,-81.0,21134,36,2020,12,3,10,101.87496900052506,Not Fraudulent
2.79,9,38.0,-78.0,37.0,-77.0,9815,45,2020,12,30,13,113.05613672050175,Not Fraudulent
465.1,10,36.0,-90.0,36.0,-91.0,7155,43,2020,6,25,3,63.04454695345758,Not Fraudulent
132.77,7,38.0,-92.0,37.0,-91.0,1847,31,2020,8,24,23,116.31884360598792,Not Fraudulent
34.79,8,36.0,-90.0,36.0,-90.0,7155,43,2020,9,4,20,79.2644197895308,Not Fraudulent
728.18,5,44.0,-69.0,43.0,-70.0,1643,44,2020,12,6,21,98.7276322230493,Not Fraudulent
79.92,11,37.0,-91.0,37.0,-91.0,241,45,2020,9,12,7,28.92279035933307,Not Fraudulent
43.43,0,33.0,-86.0,33.0,-87.0,493806,39,2020,6,25,15,59.14136555903918,Not Fraudulent
279.42,9,32.0,-97.0,32.0,-96.0,5875,28,2020,7,29,16,51.89560995359503,Not Fraudulent
6.29,5,29.0,-98.0,28.0,-98.0,1595797,25,2020,12,21,13,69.18153035132218,Not Fraudulent
7.32,9,31.0,-106.0,32.0,-107.0,749635,47,2020,10,6,18,92.40379955111989,Not Fraudulent
137.7,2,43.0,-88.0,44.0,-88.0,5196,42,2020,10,26,15,27.87436083670111,Not Fraudulent
47.19,13,43.0,-108.0,42.0,-109.0,1645,44,2020,10,6,6,62.26337363054801,Not Fraudulent
44.93,11,33.0,-118.0,33.0,-118.0,93193,25,2020,6,22,4,55.07021512061185,Not Fraudulent
47.59,13,33.0,-99.0,33.0,-100.0,178,37,2020,7,10,0,44.110503469729196,Not Fraudulent
14.88,8,38.0,-80.0,38.0,-80.0,571,52,2020,8,21,16,84.72601855426,Not Fraudulent
9.13,10,37.0,-86.0,37.0,-86.0,443,73,2020,8,3,10,19.163510926227026,Not Fraudulent
67.45,6,37.0,-75.0,38.0,-75.0,741,34,2020,12,4,14,84.78935358997153,Not Fraudulent
51.78,12,41.0,-83.0,40.0,-82.0,269,55,2020,12,8,1,80.17412575740936,Not Fraudulent
28.29,4,43.0,-108.0,42.0,-109.0,1645,34,2020,7,14,13,32.76812505520807,Not Fraudulent
3.88,0,33.0,-111.0,33.0,-111.0,2872,33,2020,12,28,16,30.067375289208712,Not Fraudulent
74.89,7,36.0,-93.0,36.0,-92.0,1201,40,2020,12,25,20,32.404613700310335,Not Fraudulent
66.43,9,29.0,-95.0,29.0,-95.0,2906700,35,2020,9,20,19,64.69254769939764,Not Fraudulent
93.9,11,34.0,-95.0,33.0,-95.0,1760,48,2020,9,21,11,112.14673433010101,Not Fraudulent
2.67,6,38.0,-90.0,37.0,-91.0,92608,19,2020,12,16,17,96.7559951328508,Not Fraudulent
4.82,1,33.0,-80.0,33.0,-80.0,333497,52,2020,11,3,14,4.868506702140645,Not Fraudulent
109.93,11,41.0,-93.0,40.0,-94.0,1195,46,2020,12,4,4,119.36366658879084,Not Fraudulent
55.66,6,47.0,-90.0,46.0,-89.0,272,19,2020,8,31,16,114.04016934010706,Not Fraudulent
25.16,7,35.0,-106.0,35.0,-106.0,310,41,2020,8,23,12,13.70515662178268,Not Fraudulent
5.7,9,32.0,-96.0,31.0,-97.0,1563,42,2020,11,8,22,40.885130408846635,Not Fraudulent
6.09,3,39.0,-105.0,40.0,-104.0,122111,33,2020,6,23,19,76.82548282527416,Not Fraudulent
40.91,8,43.0,-108.0,42.0,-108.0,19408,27,2020,9,27,12,55.45556683924181,Not Fraudulent
8.75,3,39.0,-74.0,38.0,-74.0,526,80,2020,9,19,22,82.03541030696091,Not Fraudulent
85.88,1,39.0,-119.0,39.0,-119.0,276896,23,2020,7,13,12,14.5487596762706,Not Fraudulent
187.43,2,39.0,-120.0,40.0,-120.0,1725,53,2020,7,31,5,77.9179134533442,Not Fraudulent
1.49,9,41.0,-105.0,41.0,-104.0,35371,32,2020,11,3,21,98.67393785823009,Not Fraudulent
10.26,0,34.0,-84.0,34.0,-84.0,74,76,2020,10,31,12,109.7503396766384,Not Fraudulent
43.6,7,42.0,-72.0,41.0,-71.0,4680,34,2020,11,9,16,96.28361707461356,Not Fraudulent
26.92,7,40.0,-72.0,40.0,-73.0,3285,32,2020,12,23,17,57.65047880601945,Not Fraudulent
69.97,4,39.0,-94.0,39.0,-94.0,123373,27,2020,8,22,20,45.97792040465016,Not Fraudulent
56.07,12,40.0,-77.0,39.0,-77.0,1334,33,2020,8,29,9,59.98227259298723,Not Fraudulent
17.89,6,38.0,-86.0,38.0,-87.0,1228,29,2020,8,16,16,69.06156012034863,Not Fraudulent
61.18,12,39.0,-98.0,39.0,-98.0,242,33,2020,12,7,1,81.7279029767147,Not Fraudulent
4.99,3,34.0,-92.0,34.0,-91.0,4074,45,2020,12,31,14,76.20451856077452,Not Fraudulent
130.27,0,40.0,-74.0,40.0,-73.0,1533,85,2020,7,31,19,71.47360555099971,Not Fraudulent
63.52,1,37.0,-80.0,37.0,-79.0,4575,28,2020,7,7,20,81.24536492453201,Not Fraudulent
1.35,9,44.0,-69.0,44.0,-70.0,3224,23,2020,12,14,23,69.3223051631465,Not Fraudulent
29.18,11,29.0,-90.0,30.0,-89.0,55581,48,2020,12,30,5,123.85682028251018,Not Fraudulent
105.54,11,37.0,-77.0,37.0,-78.0,1051,43,2020,6,23,6,45.83784069467394,Not Fraudulent
26.23,4,35.0,-92.0,35.0,-91.0,969,66,2020,12,9,13,98.43461662251146,Not Fraudulent
94.42,12,42.0,-87.0,41.0,-88.0,27020,33,2020,6,24,7,93.21922933724261,Not Fraudulent
24.03,0,40.0,-91.0,40.0,-91.0,519,54,2020,9,29,20,8.681310276536957,Not Fraudulent
59.39,6,42.0,-78.0,41.0,-77.0,1453,46,2020,12,30,16,121.78947155332598,Not Fraudulent
55.66,12,39.0,-83.0,39.0,-82.0,338,32,2020,9,20,3,90.92201596912574,Not Fraudulent
3.02,9,40.0,-75.0,40.0,-74.0,1526206,35,2020,6,26,21,93.70788320538757,Not Fraudulent
3.53,9,42.0,-83.0,43.0,-83.0,6951,35,2020,7,2,22,102.01800265642662,Not Fraudulent
3.14,6,40.0,-73.0,40.0,-74.0,2504700,20,2020,6,25,18,84.94777257745861,Not Fraudulent
37.49,4,36.0,-91.0,36.0,-92.0,2856,93,2020,6,22,17,78.90622377887985,Not Fraudulent
69.62,11,32.0,-96.0,33.0,-96.0,20328,35,2020,8,20,11,49.24114475941922,Not Fraudulent
6.75,10,40.0,-98.0,41.0,-98.0,331,69,2020,6,29,0,110.76035143082434,Not Fraudulent
67.42,0,39.0,-80.0,40.0,-80.0,255,49,2020,12,23,21,98.81282197470371,Not Fraudulent
1.01,2,43.0,-77.0,43.0,-77.0,8019,92,2020,9,6,4,55.11407619607609,Not Fraudulent
7.06,2,34.0,-98.0,35.0,-99.0,551,49,2020,7,12,16,54.532131028535346,Not Fraudulent
78.11,11,39.0,-76.0,39.0,-76.0,5451,58,2020,11,22,11,39.47962565356837,Not Fraudulent
53.59,12,42.0,-76.0,42.0,-77.0,520,28,2020,8,11,5,67.78665763549972,Not Fraudulent
18.29,10,36.0,-83.0,37.0,-83.0,581,53,2020,12,13,3,82.24198561205118,Not Fraudulent
9.41,2,38.0,-81.0,38.0,-82.0,5512,40,2020,7,13,15,73.31574455634198,Not Fraudulent
141.59,11,32.0,-105.0,33.0,-106.0,899,53,2020,10,16,5,90.2393944048654,Not Fraudulent
2.34,10,32.0,-97.0,32.0,-97.0,95035,33,2020,11,2,11,77.73533356303764,Not Fraudulent
61.29,12,35.0,-80.0,35.0,-81.0,69793,66,2020,12,2,4,49.189521953496914,Not Fraudulent
6.19,2,39.0,-75.0,39.0,-75.0,3066,92,2020,8,28,3,61.36229611579955,Not Fraudulent
88.02,11,44.0,-93.0,44.0,-93.0,1201,40,2020,7,30,10,65.7119763482245,Not Fraudulent
9.05,1,37.0,-82.0,36.0,-82.0,798,94,2020,8,17,12,68.97923434157258,Not Fraudulent
18.13,0,40.0,-89.0,41.0,-90.0,6713,75,2020,11,19,21,111.9542096894399,Not Fraudulent
58.56,8,47.0,-122.0,47.0,-122.0,50489,36,2020,8,17,18,0.7573288014641145,Not Fraudulent
165.19,11,30.0,-83.0,30.0,-83.0,94325,33,2020,11,13,7,70.4478948190399,Not Fraudulent
135.03,7,43.0,-86.0,42.0,-85.0,128715,25,2020,8,24,16,108.55805357648758,Not Fraudulent
2.97,2,34.0,-82.0,34.0,-81.0,1523,36,2020,12,25,13,80.80500057649066,Not Fraudulent
9.4,2,37.0,-85.0,37.0,-85.0,48194,30,2020,10,22,17,28.07019088967412,Not Fraudulent
40.97,13,37.0,-122.0,37.0,-123.0,107941,28,2020,9,1,0,47.85300048355869,Not Fraudulent
69.45,10,40.0,-79.0,40.0,-78.0,2054,44,2020,9,30,6,69.66076918845437,Not Fraudulent
112.47,11,36.0,-79.0,37.0,-79.0,3402,92,2020,7,23,10,107.21690829998234,Not Fraudulent
44.12,7,39.0,-76.0,40.0,-76.0,7565,68,2020,10,24,23,112.26110927162807,Not Fraudulent
91.62,12,38.0,-78.0,38.0,-77.0,9815,45,2020,12,6,6,52.81254313657462,Not Fraudulent
73.32,12,41.0,-124.0,41.0,-125.0,1930,37,2020,12,21,6,98.58839893922243,Not Fraudulent
77.15,4,40.0,-74.0,40.0,-74.0,21125,35,2020,12,5,13,67.30641281732818,Not Fraudulent
155.56,2,44.0,-74.0,44.0,-75.0,69,29,2020,12,15,15,30.84809958207094,Not Fraudulent
2.38,2,40.0,-73.0,41.0,-74.0,47211,83,2020,11,19,4,89.0719229399824,Not Fraudulent
38.99,7,42.0,-75.0,41.0,-76.0,165,75,2020,12,7,22,105.38554912243443,Not Fraudulent
35.5,2,34.0,-118.0,33.0,-119.0,34882,49,2020,7,18,9,76.84195237703598,Not Fraudulent
2.22,9,39.0,-83.0,38.0,-83.0,338,31,2020,7,21,22,99.65103370558897,Not Fraudulent
28.01,2,46.0,-90.0,47.0,-90.0,795,34,2020,11,10,3,111.24561734494257,Not Fraudulent
52.46,6,30.0,-88.0,31.0,-87.0,270712,48,2020,8,25,12,94.95892859465465,Not Fraudulent
45.99,12,40.0,-75.0,40.0,-76.0,166081,22,2020,12,29,10,73.93751241935882,Not Fraudulent
178.51,11,41.0,-88.0,41.0,-88.0,128354,28,2020,12,22,6,52.43888389110935,Not Fraudulent
63.84,12,41.0,-122.0,41.0,-121.0,589,74,2020,12,7,9,87.23723222951355,Not Fraudulent
130.73,5,39.0,-93.0,40.0,-93.0,964,45,2020,7,3,1,108.10757536124454,Not Fraudulent
3.96,5,42.0,-71.0,43.0,-71.0,76383,35,2020,12,5,17,74.98324186290589,Not Fraudulent
7.54,9,30.0,-103.0,29.0,-102.0,498,29,2020,7,31,18,97.23610369510459,Not Fraudulent
37.43,0,39.0,-93.0,39.0,-94.0,271,48,2020,8,12,22,83.3510186938071,Not Fraudulent
1.33,5,40.0,-83.0,40.0,-83.0,118,63,2020,11,13,0,38.381807734748946,Not Fraudulent
79.02,6,40.0,-85.0,40.0,-85.0,2304,65,2020,12,12,23,41.160136306076545,Not Fraudulent
44.58,13,32.0,-80.0,32.0,-79.0,2408,23,2020,9,22,5,48.41536130991696,Not Fraudulent
37.06,13,34.0,-91.0,33.0,-90.0,5161,27,2020,8,1,4,87.79976477171421,Not Fraudulent
80.55,11,38.0,-77.0,38.0,-77.0,43102,70,2020,12,26,1,49.428331765408004,Not Fraudulent
70.57,8,43.0,-108.0,43.0,-108.0,1645,44,2020,12,4,23,87.20047671658403,Not Fraudulent
67.18,12,40.0,-74.0,39.0,-73.0,13835,53,2020,12,2,8,127.93291343235295,Not Fraudulent
221.44,9,46.0,-86.0,45.0,-86.0,6469,41,2020,12,13,20,42.002408453677205,Not Fraudulent
152.98,0,41.0,-80.0,41.0,-80.0,606,22,2020,7,6,17,40.11388227357297,Not Fraudulent
54.14,12,38.0,-82.0,39.0,-81.0,642,74,2020,11,1,3,110.60308344794694,Not Fraudulent
8.06,7,38.0,-81.0,38.0,-81.0,5512,40,2020,9,17,20,56.1537932253179,Not Fraudulent
6.31,9,43.0,-85.0,44.0,-85.0,4474,44,2020,10,6,23,101.75568701235335,Not Fraudulent
40.86,0,48.0,-108.0,49.0,-107.0,192,56,2020,7,5,23,77.95542879168785,Not Fraudulent
126.32,8,47.0,-90.0,47.0,-90.0,272,18,2020,6,27,23,106.68587427542914,Not Fraudulent
172.49,8,37.0,-80.0,38.0,-80.0,4575,29,2020,12,11,20,96.72472464380469,Not Fraudulent
47.78,4,36.0,-87.0,35.0,-87.0,70,64,2020,10,16,12,90.00693188455048,Not Fraudulent
358.4,2,32.0,-83.0,33.0,-82.0,112,55,2020,9,3,2,82.27258717195015,Not Fraudulent
84.77,11,26.0,-81.0,27.0,-82.0,156391,52,2020,9,19,3,74.20648557726857,Not Fraudulent
266.89,2,38.0,-85.0,39.0,-85.0,564,24,2020,12,20,21,84.60126074941596,Not Fraudulent
360.1,2,42.0,-78.0,41.0,-78.0,239,64,2020,9,5,4,75.26083250463557,Not Fraudulent
73.83,5,38.0,-86.0,38.0,-86.0,1228,29,2020,9,28,15,20.49498442987504,Not Fraudulent
5.89,4,40.0,-110.0,40.0,-110.0,302,30,2020,6,26,16,28.5377476475036,Not Fraudulent
51.75,12,33.0,-86.0,34.0,-86.0,3996,43,2020,8,18,1,10.16499400912849,Not Fraudulent
46.27,4,41.0,-81.0,41.0,-82.0,7646,31,2020,8,27,22,44.2241008249354,Not Fraudulent
144.15,5,37.0,-83.0,36.0,-84.0,467,36,2020,12,29,2,93.30316060511821,Not Fraudulent
4.42,3,41.0,-98.0,41.0,-99.0,509,40,2020,12,31,14,73.88973015341102,Not Fraudulent
51.54,12,40.0,-79.0,40.0,-79.0,2303,33,2020,12,7,1,10.367437880547627,Not Fraudulent
17.9,1,31.0,-90.0,32.0,-90.0,1196,62,2020,9,26,17,51.83792736754976,Not Fraudulent
87.65,13,40.0,-110.0,40.0,-111.0,302,30,2020,8,9,0,80.10739823994184,Not Fraudulent
32.57,9,41.0,-80.0,40.0,-79.0,606,23,2020,12,14,18,123.35563632125019,Not Fraudulent
9.59,0,34.0,-98.0,34.0,-98.0,540,36,2020,7,9,15,65.96822840572831,Not Fraudulent
35.0,4,42.0,-104.0,41.0,-105.0,241,39,2020,11,12,13,117.84446682673645,Not Fraudulent
1.03,0,47.0,-122.0,46.0,-121.0,50489,36,2020,11,29,17,113.44946889049108,Not Fraudulent
44.66,4,39.0,-79.0,40.0,-78.0,1946,30,2020,12,26,20,93.37979149274645,Not Fraudulent
559.89,3,42.0,-74.0,42.0,-73.0,277,48,2020,6,22,23,36.20838801570039,Not Fraudulent
36.48,13,41.0,-101.0,40.0,-100.0,1789,38,2020,10,3,11,49.30998437051267,Not Fraudulent
5.76,3,38.0,-94.0,39.0,-93.0,545147,33,2020,12,13,23,96.55575885858518,Not Fraudulent
45.6,6,46.0,-86.0,46.0,-85.0,6469,41,2020,8,29,13,96.56036851241558,Not Fraudulent
8.61,5,43.0,-97.0,44.0,-97.0,343,48,2020,8,23,20,108.65828382128817,Not Fraudulent
121.35,11,38.0,-98.0,38.0,-98.0,215,52,2020,12,6,10,66.78335751787843,Not Fraudulent
41.88,10,43.0,-75.0,43.0,-75.0,8830,29,2020,12,18,3,18.74090382696733,Not Fraudulent
2.59,0,41.0,-86.0,41.0,-85.0,1423,22,2020,12,20,14,63.37576000552352,Not Fraudulent
70.9,12,31.0,-88.0,32.0,-89.0,4573,32,2020,7,28,3,57.20276002388719,Not Fraudulent
79.48,0,40.0,-79.0,40.0,-78.0,1770,25,2020,9,26,19,78.35534788019366,Not Fraudulent
81.32,10,43.0,-108.0,42.0,-108.0,1645,44,2020,8,29,3,4.267830107369929,Not Fraudulent
2.42,0,32.0,-96.0,33.0,-95.0,20328,35,2020,8,11,15,117.13027031915327,Not Fraudulent
6.17,3,32.0,-86.0,32.0,-86.0,1412,49,2020,7,21,16,84.69108482352581,Not Fraudulent
5.72,4,36.0,-89.0,36.0,-90.0,1019,41,2020,11,7,12,73.20939115548846,Not Fraudulent
232.09,7,46.0,-101.0,46.0,-101.0,77,30,2020,10,25,23,77.02892567418773,Not Fraudulent
70.25,7,46.0,-90.0,46.0,-90.0,795,34,2020,9,8,13,55.32671615800394,Not Fraudulent
7.29,8,37.0,-75.0,38.0,-74.0,776,70,2020,7,28,23,80.02699885764154,Not Fraudulent
93.11,8,36.0,-81.0,36.0,-81.0,3495,32,2020,8,12,19,69.42721817861484,Not Fraudulent
78.15,1,39.0,-90.0,40.0,-89.0,1512,17,2020,8,10,19,108.85866090826109,Not Fraudulent
32.7,7,34.0,-90.0,33.0,-89.0,466,65,2020,10,20,13,110.87130811471098,Not Fraudulent
62.21,11,42.0,-76.0,42.0,-76.0,4354,26,2020,12,12,10,65.1926909327119,Not Fraudulent
1.05,2,47.0,-101.0,47.0,-101.0,307,90,2020,8,15,3,1.3513687124974973,Not Fraudulent
74.38,1,40.0,-73.0,41.0,-73.0,34496,50,2020,12,8,13,67.81293059313282,Not Fraudulent
83.85,7,42.0,-76.0,41.0,-75.0,520,28,2020,7,21,15,88.69708588717944,Not Fraudulent
117.53,9,26.0,-99.0,27.0,-99.0,18128,29,2020,8,29,12,103.07193628094295,Not Fraudulent
58.98,12,31.0,-102.0,31.0,-101.0,23,51,2020,10,13,5,81.2159354260574,Not Fraudulent
3.54,1,36.0,-79.0,36.0,-79.0,6006,36,2020,10,5,23,95.8592696258266,Not Fraudulent
195.63,11,39.0,-122.0,38.0,-123.0,11256,47,2020,9,11,11,96.44603133170338,Not Fraudulent
71.95,1,39.0,-95.0,39.0,-96.0,2661,71,2020,10,26,16,62.607995148457384,Not Fraudulent
18.15,0,38.0,-77.0,39.0,-77.0,601723,34,2020,11,8,18,13.623010031351873,Not Fraudulent
57.2,12,33.0,-81.0,33.0,-80.0,1352,28,2020,12,21,8,49.68913293755909,Not Fraudulent
522.05,9,44.0,-121.0,44.0,-121.0,2016,66,2020,7,7,7,43.85304124433189,Not Fraudulent
154.11,9,36.0,-115.0,35.0,-115.0,214518,60,2020,12,30,3,83.86572754471015,Not Fraudulent
69.24,12,43.0,-108.0,43.0,-108.0,1645,44,2020,12,12,8,54.67323852101956,Not Fraudulent
92.26,4,44.0,-86.0,44.0,-87.0,680,53,2020,8,17,16,92.05648116320369,Not Fraudulent
115.15,0,33.0,-96.0,32.0,-97.0,46563,50,2020,10,16,12,95.15424694390283,Not Fraudulent
11.84,4,29.0,-95.0,29.0,-94.0,28739,20,2020,12,7,15,89.1657226382524,Not Fraudulent
85.74,12,42.0,-82.0,41.0,-83.0,134056,63,2020,8,13,7,67.2142352368535,Not Fraudulent
43.76,13,41.0,-90.0,42.0,-90.0,1504,27,2020,12,28,5,102.67221002206038,Not Fraudulent
9.97,0,43.0,-122.0,44.0,-123.0,597,59,2020,12,21,14,59.132209481981434,Not Fraudulent
77.02,11,34.0,-100.0,35.0,-99.0,513,44,2020,12,21,5,109.76793509774228,Not Fraudulent
40.64,7,35.0,-79.0,34.0,-78.0,238602,27,2020,7,26,12,65.65363492395088,Not Fraudulent
83.37,12,45.0,-84.0,44.0,-84.0,937,62,2020,12,20,6,79.20498881099309,Not Fraudulent
64.69,12,34.0,-95.0,34.0,-96.0,1760,48,2020,11,8,7,68.42687049684989,Not Fraudulent
4.36,6,44.0,-73.0,44.0,-73.0,4542,22,2020,12,20,19,40.06706345141673,Not Fraudulent
248.05,7,37.0,-97.0,37.0,-96.0,409656,34,2020,8,6,13,84.16475169713695,Not Fraudulent
35.5,13,27.0,-99.0,28.0,-99.0,248858,49,2020,11,13,10,104.0719899300723,Not Fraudulent
21.93,0,30.0,-90.0,30.0,-91.0,10076,42,2020,6,23,17,20.4839863580922,Not Fraudulent
28.25,6,31.0,-99.0,32.0,-100.0,5908,58,2020,12,26,3,87.85926222254766,Not Fraudulent
88.35,7,40.0,-79.0,40.0,-80.0,2054,57,2020,10,26,23,92.3493106251747,Not Fraudulent
77.37,12,47.0,-101.0,47.0,-101.0,307,90,2020,12,22,2,27.985143542375987,Not Fraudulent
75.83,7,33.0,-111.0,34.0,-112.0,17047,85,2020,8,27,15,98.15897472798925,Not Fraudulent
5.01,5,34.0,-82.0,34.0,-81.0,1523,36,2020,7,20,14,63.11373744331311,Not Fraudulent
70.28,0,37.0,-80.0,36.0,-80.0,1363,79,2020,7,13,19,111.59572211794469,Not Fraudulent
156.6,4,38.0,-85.0,37.0,-85.0,736284,58,2020,8,2,19,113.19900601030344,Not Fraudulent
116.66,11,40.0,-98.0,40.0,-98.0,463,72,2020,9,22,5,23.062624214144517,Not Fraudulent
208.47,11,46.0,-118.0,46.0,-118.0,3684,38,2020,6,28,0,18.523292664708922,Not Fraudulent
64.42,12,28.0,-81.0,27.0,-81.0,33804,29,2020,12,18,1,82.8479115843709,Not Fraudulent
4.45,9,44.0,-69.0,43.0,-70.0,3224,22,2020,7,7,14,92.95499869631678,Not Fraudulent
104.69,11,39.0,-98.0,40.0,-98.0,242,33,2020,12,4,0,84.05600020695168,Not Fraudulent
788.07,10,42.0,-94.0,42.0,-94.0,695,66,2020,9,7,22,46.731454077673106,Not Fraudulent
8.57,3,40.0,-79.0,39.0,-79.0,427,69,2020,10,8,17,19.70414234343723,Not Fraudulent
85.27,7,40.0,-76.0,39.0,-75.0,823,38,2020,12,7,14,112.34519314773766,Not Fraudulent
61.93,1,40.0,-96.0,40.0,-97.0,142,53,2020,10,27,15,94.64044167863325,Not Fraudulent
84.81,8,44.0,-74.0,43.0,-75.0,6120,43,2020,8,7,22,100.07692993947077,Not Fraudulent
51.37,11,40.0,-73.0,39.0,-74.0,47211,83,2020,11,30,3,88.56418825973846,Not Fraudulent
30.06,13,42.0,-83.0,43.0,-82.0,31515,49,2020,12,22,1,121.77268116894706,Not Fraudulent
144.87,2,39.0,-80.0,40.0,-80.0,16183,43,2020,8,23,11,99.74859606128271,Not Fraudulent
4.06,9,31.0,-86.0,32.0,-85.0,2566,62,2020,8,30,3,81.89056071012615,Not Fraudulent
65.92,12,39.0,-84.0,38.0,-84.0,177,46,2020,12,20,7,43.81802707323167,Not Fraudulent
60.39,6,45.0,-94.0,44.0,-93.0,1536,39,2020,8,21,14,133.21115122472125,Not Fraudulent
90.15,6,47.0,-96.0,47.0,-97.0,346,43,2020,8,1,21,53.264337191534516,Not Fraudulent
57.74,12,30.0,-90.0,31.0,-89.0,8512,68,2020,6,28,1,100.55628964537912,Not Fraudulent
5.31,10,39.0,-82.0,39.0,-83.0,321,41,2020,7,10,14,84.87663671326612,Not Fraudulent
3.85,2,41.0,-85.0,41.0,-86.0,7692,33,2020,10,21,23,85.16368158436113,Not Fraudulent
472.63,9,43.0,-122.0,44.0,-123.0,1420,54,2020,7,24,9,76.8394704437636,Not Fraudulent
48.9,0,38.0,-122.0,37.0,-122.0,198,61,2020,9,22,21,40.16923736309802,Not Fraudulent
3.15,3,39.0,-75.0,39.0,-74.0,804,55,2020,8,6,21,75.86602133699307,Not Fraudulent
3.1,5,40.0,-91.0,40.0,-91.0,888,32,2020,8,23,23,41.418206544246665,Not Fraudulent
64.82,7,41.0,-104.0,41.0,-103.0,635,46,2020,6,26,17,34.557154646060404,Not Fraudulent
133.74,11,43.0,-89.0,43.0,-88.0,1628,52,2020,7,25,0,93.06932639489997,Not Fraudulent
85.54,12,40.0,-80.0,40.0,-79.0,28425,20,2020,8,19,5,84.77141565235195,Not Fraudulent
270.9,9,37.0,-100.0,38.0,-100.0,2691,27,2020,8,19,13,88.71673069214285,Not Fraudulent
1.1,5,42.0,-87.0,41.0,-87.0,27020,34,2020,12,17,23,92.24731570959972,Not Fraudulent
41.24,7,30.0,-91.0,29.0,-90.0,378909,43,2020,12,18,20,70.15815326794144,Not Fraudulent
130.28,1,40.0,-79.0,39.0,-79.0,922,47,2020,9,25,21,86.16872831939695,Not Fraudulent
98.34,9,39.0,-88.0,39.0,-88.0,1532,40,2020,12,13,3,80.49377224639885,Not Fraudulent
34.25,0,47.0,-122.0,46.0,-121.0,50489,36,2020,7,7,12,84.50570111088135,Not Fraudulent
19.52,0,44.0,-93.0,44.0,-93.0,5211,33,2020,9,4,20,54.822615523022215,Not Fraudulent
47.75,8,42.0,-78.0,41.0,-78.0,1766,58,2020,12,1,17,77.58363468463807,Not Fraudulent
38.96,11,41.0,-73.0,40.0,-73.0,11250,43,2020,11,17,6,20.389208178885546,Not Fraudulent
30.35,0,42.0,-76.0,41.0,-75.0,4354,26,2020,8,22,12,59.84397254348867,Not Fraudulent
78.92,1,34.0,-102.0,34.0,-101.0,686,40,2020,12,19,17,67.96316483704562,Not Fraudulent
2.61,8,36.0,-91.0,36.0,-92.0,1679,34,2020,10,11,15,97.91327288791378,Not Fraudulent
101.93,9,40.0,-76.0,40.0,-75.0,823,38,2020,9,16,6,68.40388450545393,Not Fraudulent
74.6,11,30.0,-84.0,30.0,-83.0,3430,70,2020,12,17,3,91.04868764629657,Not Fraudulent
70.34,12,38.0,-90.0,37.0,-90.0,927396,60,2020,7,26,11,89.69678138150377,Not Fraudulent
19.11,9,38.0,-85.0,39.0,-86.0,564,24,2020,12,11,14,100.47018220435469,Not Fraudulent
67.53,12,45.0,-122.0,46.0,-121.0,841711,57,2020,9,5,2,132.64772028739182,Not Fraudulent
41.02,4,40.0,-89.0,41.0,-90.0,6713,75,2020,12,26,14,116.3766594088373,Not Fraudulent
86.44,9,37.0,-75.0,37.0,-76.0,741,33,2020,6,29,6,79.23898348487579,Not Fraudulent
196.17,11,41.0,-81.0,41.0,-80.0,2644,37,2020,12,27,9,27.923739300165806,Not Fraudulent
9.89,10,35.0,-79.0,35.0,-78.0,238602,27,2020,9,16,2,64.72135089408843,Not Fraudulent
86.04,11,24.0,-81.0,25.0,-82.0,32891,33,2020,7,19,1,118.45635466623136,Not Fraudulent
72.72,12,39.0,-78.0,40.0,-79.0,626,59,2020,6,25,9,84.18117713307156,Not Fraudulent
125.07,11,45.0,-118.0,46.0,-119.0,1302,44,2020,12,3,10,115.51134500385965,Not Fraudulent
4.66,4,30.0,-84.0,30.0,-85.0,3430,70,2020,7,31,12,86.07417692401081,Not Fraudulent
12.49,7,37.0,-85.0,37.0,-86.0,48194,30,2020,6,26,23,48.096461072829186,Not Fraudulent
83.25,8,34.0,-92.0,35.0,-91.0,4074,44,2020,8,2,16,98.73357530736138,Not Fraudulent
87.87,12,33.0,-86.0,34.0,-86.0,493806,40,2020,9,13,1,82.9258779928516,Not Fraudulent
109.51,8,30.0,-88.0,30.0,-89.0,15647,72,2020,10,24,6,96.6584122276697,Not Fraudulent
15.5,4,48.0,-118.0,49.0,-118.0,149,42,2020,7,2,20,43.29124897972869,Not Fraudulent
139.33,7,41.0,-78.0,42.0,-77.0,4533,50,2020,9,8,13,123.60316848889501,Not Fraudulent
158.53,2,48.0,-93.0,47.0,-94.0,136,20,2020,12,22,17,129.35865600952692,Not Fraudulent
37.68,0,45.0,-89.0,46.0,-90.0,9594,22,2020,11,9,16,95.26285061591335,Not Fraudulent
86.03,12,44.0,-85.0,44.0,-84.0,1126,65,2020,12,17,6,110.93747275202789,Not Fraudulent
45.08,6,43.0,-73.0,43.0,-72.0,5895,45,2020,12,20,23,35.99959135387668,Not Fraudulent
1.64,1,27.0,-81.0,28.0,-81.0,237282,58,2020,9,23,18,64.7297667159761,Not Fraudulent
6.22,5,38.0,-81.0,39.0,-80.0,5512,40,2020,10,28,16,106.46109584634566,Not Fraudulent
76.37,11,34.0,-79.0,34.0,-79.0,14783,65,2020,11,29,11,43.934417116021564,Not Fraudulent
93.12,8,41.0,-87.0,40.0,-87.0,2135,16,2020,10,9,19,102.75316162278962,Not Fraudulent
69.45,12,38.0,-94.0,39.0,-94.0,545147,32,2020,7,5,4,70.67373504290431,Not Fraudulent
63.34,12,42.0,-75.0,43.0,-75.0,165,75,2020,10,16,8,92.48255016519803,Not Fraudulent
101.07,11,35.0,-96.0,36.0,-96.0,7163,38,2020,12,6,6,64.58460663220237,Not Fraudulent
66.7,8,35.0,-106.0,36.0,-105.0,18408,48,2020,11,6,19,42.67034934593547,Not Fraudulent
39.01,1,42.0,-87.0,41.0,-87.0,27020,34,2020,9,7,14,76.12787644479387,Not Fraudulent
23.88,7,48.0,-118.0,47.0,-117.0,149,42,2020,11,7,19,128.3800204765006,Not Fraudulent
73.58,1,39.0,-82.0,40.0,-82.0,341,41,2020,8,22,23,98.15459493191409,Not Fraudulent
45.27,13,40.0,-76.0,40.0,-76.0,823,38,2020,8,15,10,61.54942219678128,Not Fraudulent
26.18,0,36.0,-95.0,35.0,-96.0,413574,52,2020,6,23,17,48.47355176867866,Not Fraudulent
82.2,9,47.0,-93.0,46.0,-94.0,2097,32,2020,7,2,7,75.33901506137687,Not Fraudulent
50.74,8,45.0,-122.0,44.0,-123.0,841711,57,2020,8,24,5,105.3143309937571,Not Fraudulent
1.46,2,35.0,-92.0,35.0,-91.0,969,66,2020,12,25,2,96.51206011755005,Not Fraudulent
84.49,9,45.0,-88.0,44.0,-88.0,1080,41,2020,12,7,10,83.01398845812955,Not Fraudulent
1.38,9,43.0,-97.0,44.0,-98.0,355,65,2020,9,22,11,126.3512296346128,Not Fraudulent
4.61,4,39.0,-82.0,39.0,-82.0,1831,66,2020,9,27,19,37.696577216512836,Not Fraudulent
1.3,3,47.0,-95.0,46.0,-96.0,516,54,2020,8,5,15,68.92735555980236,Not Fraudulent
62.31,12,42.0,-73.0,42.0,-72.0,2121,46,2020,8,29,7,86.59807733233292,Not Fraudulent
20.69,1,40.0,-73.0,40.0,-74.0,3279,41,2020,9,14,13,25.036234242067458,Not Fraudulent
20.68,7,48.0,-108.0,48.0,-108.0,192,56,2020,11,22,14,14.957606845962932,Not Fraudulent
27.1,8,29.0,-90.0,29.0,-89.0,55581,48,2020,10,3,14,21.760770820914438,Not Fraudulent
96.52,8,28.0,-98.0,28.0,-98.0,2435,53,2020,7,1,22,132.33697908587212,Not Fraudulent
159.29,4,43.0,-95.0,42.0,-96.0,399,43,2020,8,18,13,120.44803086253809,Not Fraudulent
59.78,12,39.0,-106.0,40.0,-107.0,61,80,2020,10,4,2,138.75597404437775,Not Fraudulent
61.04,8,33.0,-86.0,33.0,-87.0,3996,43,2020,12,31,17,87.72560185184363,Not Fraudulent
93.42,12,34.0,-98.0,34.0,-99.0,551,50,2020,12,18,11,86.35692714074736,Not Fraudulent
83.37,11,38.0,-90.0,38.0,-90.0,35439,35,2020,12,12,2,66.95399686047507,Not Fraudulent
15.8,8,39.0,-75.0,40.0,-76.0,504,40,2020,11,24,16,124.30929097713843,Not Fraudulent
131.89,5,39.0,-82.0,39.0,-82.0,341,41,2020,9,18,13,41.411839355686446,Not Fraudulent
42.22,12,38.0,-109.0,38.0,-109.0,46,33,2020,7,26,0,37.30657045322935,Not Fraudulent
1.32,2,38.0,-109.0,39.0,-109.0,46,33,2020,6,24,13,59.8530556060373,Not Fraudulent
42.17,12,44.0,-94.0,45.0,-95.0,914,75,2020,7,18,5,114.88471863390075,Not Fraudulent
110.86,4,37.0,-122.0,37.0,-122.0,381459,46,2020,9,24,13,29.902025765808112,Not Fraudulent
7.72,5,41.0,-81.0,41.0,-81.0,2644,36,2020,7,20,23,42.56964736417738,Not Fraudulent
21.07,0,32.0,-81.0,31.0,-80.0,9034,51,2020,12,15,20,104.66472989047743,Not Fraudulent
6.62,0,42.0,-82.0,41.0,-82.0,134056,40,2020,8,18,17,95.39742584732527,Not Fraudulent
46.24,12,41.0,-99.0,40.0,-98.0,73,85,2020,11,15,5,91.16465650037165,Not Fraudulent
1.74,2,40.0,-75.0,41.0,-75.0,166081,22,2020,11,30,23,75.08397442743157,Not Fraudulent
6.28,2,32.0,-96.0,32.0,-96.0,1263321,68,2020,10,17,6,78.20614028702431,Not Fraudulent
677.25,2,43.0,-86.0,42.0,-86.0,128715,25,2020,8,2,19,118.54918770041226,Not Fraudulent
2.43,4,31.0,-102.0,32.0,-102.0,23,51,2020,12,4,18,82.38390015828148,Not Fraudulent
24.73,8,40.0,-77.0,41.0,-78.0,1334,33,2020,11,23,19,122.50885973978046,Not Fraudulent
28.62,8,41.0,-75.0,41.0,-75.0,6508,39,2020,7,21,22,34.47679601882524,Not Fraudulent
26.37,4,34.0,-93.0,34.0,-94.0,1383,20,2020,9,7,17,66.34503662601482,Not Fraudulent
107.05,10,27.0,-99.0,27.0,-100.0,248858,49,2020,11,16,2,100.72570248828832,Not Fraudulent
75.14,12,33.0,-86.0,33.0,-86.0,493806,40,2020,7,12,2,58.231277323557705,Not Fraudulent
71.77,4,26.0,-80.0,27.0,-79.0,459921,60,2020,7,31,23,71.38518236917146,Not Fraudulent
84.25,12,38.0,-90.0,37.0,-89.0,927396,60,2020,9,26,7,99.55467265369806,Not Fraudulent
56.05,12,38.0,-93.0,38.0,-94.0,467,70,2020,7,3,8,49.9930999399982,Not Fraudulent
10.4,6,33.0,-118.0,34.0,-118.0,105549,47,2020,12,1,17,107.49049473639784,Not Fraudulent
21.06,6,33.0,-86.0,33.0,-86.0,4159,22,2020,6,30,12,20.775806793236015,Not Fraudulent
10.91,4,40.0,-82.0,41.0,-82.0,267,15,2020,6,22,18,92.67599355401609,Not Fraudulent
18.3,0,33.0,-118.0,33.0,-117.0,105549,46,2020,7,8,14,49.19139267904943,Not Fraudulent
103.04,11,29.0,-96.0,30.0,-97.0,106,37,2020,11,21,9,125.59675121191043,Not Fraudulent
170.58,11,43.0,-122.0,42.0,-122.0,1420,54,2020,10,19,0,112.81335808021399,Not Fraudulent
94.32,9,43.0,-90.0,43.0,-90.0,1360,35,2020,8,22,6,30.838610376367466,Not Fraudulent
8.69,3,39.0,-95.0,38.0,-96.0,163415,45,2020,12,1,16,98.89527983763635,Not Fraudulent
4.76,5,45.0,-122.0,46.0,-123.0,28278,43,2020,11,10,12,86.7300579343952,Not Fraudulent
183.67,2,39.0,-77.0,38.0,-77.0,19054,43,2020,8,2,12,128.61200758005194,Not Fraudulent
125.3,11,38.0,-78.0,37.0,-78.0,4367,58,2020,8,22,6,82.31501978613312,Not Fraudulent
17.99,7,33.0,-96.0,34.0,-97.0,46563,50,2020,10,21,21,120.31813274840313,Not Fraudulent
217.59,11,39.0,-105.0,39.0,-105.0,320420,45,2020,10,3,3,58.248707152121845,Not Fraudulent
3.44,5,37.0,-82.0,36.0,-82.0,502,60,2020,7,20,1,24.497620304249498,Not Fraudulent
364.22,2,32.0,-96.0,32.0,-96.0,1263321,61,2020,7,15,3,45.970413804893504,Not Fraudulent
850.87,9,46.0,-86.0,45.0,-86.0,765,48,2020,12,31,22,50.02872992391762,Not Fraudulent
288.23,2,43.0,-122.0,44.0,-122.0,1420,55,2020,12,2,4,41.48069934918098,Not Fraudulent
55.65,0,37.0,-119.0,38.0,-118.0,633,93,2020,9,13,21,100.959842329552,Not Fraudulent
36.92,4,40.0,-77.0,41.0,-78.0,1334,33,2020,7,3,13,127.72736844255857,Not Fraudulent
59.63,1,34.0,-87.0,34.0,-87.0,1312,65,2020,8,7,14,37.83925063325888,Not Fraudulent
62.58,6,41.0,-110.0,41.0,-110.0,49,39,2020,7,27,17,16.257230974851854,Not Fraudulent
217.96,11,41.0,-78.0,40.0,-77.0,3688,33,2020,12,16,5,67.99132072678852,Not Fraudulent
39.97,6,33.0,-84.0,32.0,-83.0,4138,51,2020,10,12,3,82.16836611376222,Not Fraudulent
5.86,10,43.0,-93.0,43.0,-94.0,744,52,2020,9,7,10,50.91095734231142,Not Fraudulent
130.78,5,32.0,-98.0,31.0,-99.0,407,41,2020,7,21,3,83.39677723556895,Not Fraudulent
115.64,10,48.0,-93.0,48.0,-92.0,136,20,2020,8,10,20,31.821867762378325,Not Fraudulent
47.55,9,28.0,-81.0,28.0,-81.0,88735,32,2020,8,1,16,97.5015133729386,Not Fraudulent
70.5,12,39.0,-79.0,38.0,-79.0,184,74,2020,6,26,4,108.5384878320824,Not Fraudulent
125.72,8,40.0,-75.0,40.0,-74.0,1526206,35,2020,8,2,20,85.56880061757172,Not Fraudulent
530.12,3,39.0,-114.0,39.0,-114.0,450,74,2020,10,27,14,74.27464683390986,Not Fraudulent
7.86,0,37.0,-82.0,37.0,-82.0,230,23,2020,11,1,16,83.94260953937416,Not Fraudulent
78.28,12,39.0,-79.0,40.0,-79.0,184,74,2020,8,12,1,74.95500829975481,Not Fraudulent
262.85,9,29.0,-95.0,30.0,-95.0,2906700,35,2020,8,14,14,68.89915029623863,Not Fraudulent
85.77,9,45.0,-118.0,46.0,-118.0,1302,44,2020,11,5,11,55.65647615772099,Not Fraudulent
7.99,10,42.0,-78.0,42.0,-77.0,1766,58,2020,11,13,7,59.54456591892306,Not Fraudulent
66.5,11,32.0,-80.0,31.0,-79.0,2408,23,2020,10,8,1,88.658439921233,Not Fraudulent
1.87,10,39.0,-79.0,39.0,-80.0,836,39,2020,9,15,14,107.14960722784436,Not Fraudulent
34.71,1,39.0,-95.0,40.0,-95.0,2661,72,2020,12,16,16,94.5343289644453,Not Fraudulent
43.97,8,36.0,-82.0,36.0,-81.0,9521,42,2020,7,4,17,83.9990726377823,Not Fraudulent
71.71,4,43.0,-77.0,42.0,-78.0,10256,52,2020,7,21,21,102.03868297169431,Not Fraudulent
39.63,6,38.0,-122.0,38.0,-121.0,198,61,2020,11,25,14,48.00632285970611,Not Fraudulent
28.05,5,34.0,-106.0,33.0,-106.0,7268,32,2020,11,6,13,115.67817178700207,Not Fraudulent
16.75,5,48.0,-122.0,47.0,-122.0,85,35,2020,7,20,22,45.34466276928217,Not Fraudulent
49.74,12,30.0,-97.0,29.0,-97.0,1766,44,2020,9,9,5,73.54738878500267,Not Fraudulent
12.17,2,41.0,-122.0,40.0,-123.0,589,74,2020,11,15,4,120.09132152005387,Not Fraudulent
2.04,2,34.0,-118.0,33.0,-118.0,172817,37,2020,7,1,15,39.120776027984135,Not Fraudulent
74.88,8,40.0,-80.0,39.0,-79.0,632,31,2020,6,23,16,78.89286347995251,Not Fraudulent
1.51,9,43.0,-108.0,42.0,-108.0,19408,26,2020,7,7,15,116.73286904549764,Not Fraudulent
73.3,1,40.0,-80.0,39.0,-79.0,632,31,2020,9,22,17,54.925906081808,Not Fraudulent
66.11,4,40.0,-74.0,41.0,-74.0,13835,53,2020,8,14,16,78.71269615793922,Not Fraudulent
5.15,5,34.0,-81.0,35.0,-82.0,530,31,2020,12,8,20,81.51934225763291,Not Fraudulent
63.3,11,39.0,-76.0,38.0,-76.0,33917,43,2020,8,14,4,93.85793453914278,Not Fraudulent
39.56,0,45.0,-93.0,46.0,-92.0,2607,24,2020,10,7,17,96.7183504587245,Not Fraudulent
78.36,12,41.0,-72.0,42.0,-73.0,370,58,2020,10,10,6,64.78569594475003,Not Fraudulent
81.29,12,36.0,-89.0,37.0,-89.0,1019,41,2020,6,23,0,96.73560359396033,Not Fraudulent
5.84,3,33.0,-85.0,34.0,-86.0,67082,50,2020,7,6,20,125.86903729540369,Not Fraudulent
7.5,9,34.0,-86.0,35.0,-85.0,3395,41,2020,9,21,18,88.96317441160062,Not Fraudulent
2.16,0,46.0,-103.0,46.0,-104.0,475,65,2020,12,12,15,69.12300444436856,Not Fraudulent
68.44,12,40.0,-80.0,40.0,-80.0,128,74,2020,8,25,9,95.11056507455555,Not Fraudulent
49.5,1,43.0,-75.0,44.0,-74.0,1684,26,2020,11,27,21,112.4413596218999,Not Fraudulent
3.31,9,44.0,-74.0,45.0,-75.0,69,29,2020,7,1,12,94.95139640509562,Not Fraudulent
368.47,2,42.0,-73.0,42.0,-74.0,647,32,2020,7,18,16,114.9879842322377,Not Fraudulent
56.88,12,42.0,-88.0,42.0,-87.0,2328,78,2020,9,4,9,54.97364733593358,Not Fraudulent
119.61,11,39.0,-98.0,40.0,-98.0,242,33,2020,11,18,6,79.33236051444747,Not Fraudulent
79.53,11,40.0,-73.0,41.0,-73.0,1382480,29,2020,7,21,11,64.56874926828803,Not Fraudulent
17.85,0,41.0,-111.0,40.0,-112.0,2078,57,2020,12,21,18,107.14700136146614,Not Fraudulent
62.62,12,41.0,-86.0,40.0,-86.0,5791,60,2020,7,30,4,45.567253465659014,Not Fraudulent
74.87,7,40.0,-79.0,40.0,-79.0,168,41,2020,9,13,12,30.19104755971607,Not Fraudulent
59.23,0,39.0,-86.0,38.0,-86.0,76,65,2020,7,31,14,11.218252879047029,Not Fraudulent
64.13,4,39.0,-95.0,39.0,-96.0,163415,15,2020,7,28,14,89.10986545582665,Not Fraudulent
68.9,12,37.0,-86.0,36.0,-86.0,6841,21,2020,8,31,7,91.81204351662049,Not Fraudulent
7.08,5,38.0,-81.0,38.0,-81.0,21902,40,2020,10,9,23,87.14663124546432,Not Fraudulent
1.09,6,33.0,-118.0,33.0,-118.0,105549,47,2020,9,22,20,81.89994852867886,Not Fraudulent
94.35,7,43.0,-88.0,44.0,-88.0,5196,42,2020,7,3,12,16.357714962745,Not Fraudulent
47.42,8,36.0,-87.0,36.0,-87.0,13422,59,2020,12,19,5,9.623949406982845,Not Fraudulent
26.36,0,34.0,-91.0,34.0,-91.0,5161,27,2020,11,22,13,45.09708313641268,Not Fraudulent
8.15,10,41.0,-74.0,41.0,-74.0,722,29,2020,7,5,22,89.18043716053268,Not Fraudulent
132.93,10,41.0,-87.0,41.0,-87.0,2135,16,2020,8,28,20,34.47361724019647,Not Fraudulent
8.45,4,30.0,-91.0,31.0,-92.0,1178,69,2020,10,8,22,108.26489520903608,Not Fraudulent
50.35,10,41.0,-81.0,41.0,-82.0,51,59,2020,7,25,5,83.15188170826967,Not Fraudulent
64.83,8,39.0,-95.0,39.0,-96.0,163415,15,2020,8,15,18,57.28284383661766,Not Fraudulent
129.26,2,44.0,-86.0,45.0,-85.0,680,53,2020,10,16,9,114.87675169294867,Not Fraudulent
595.32,3,40.0,-90.0,41.0,-89.0,631,47,2020,10,6,20,97.14070786230307,Not Fraudulent
2.27,9,29.0,-95.0,29.0,-95.0,2906700,35,2020,7,24,16,41.997719759582424,Not Fraudulent
4.92,5,42.0,-92.0,43.0,-91.0,53,47,2020,7,10,18,78.54639850295962,Not Fraudulent
26.9,7,36.0,-79.0,36.0,-80.0,12486,86,2020,12,20,13,77.76827540781431,Not Fraudulent
73.96,8,38.0,-86.0,37.0,-87.0,965,38,2020,10,30,17,75.38068959692554,Not Fraudulent
41.15,4,32.0,-96.0,33.0,-96.0,20328,35,2020,12,6,13,103.4534934911957,Not Fraudulent
96.8,11,34.0,-102.0,35.0,-103.0,53,28,2020,7,3,11,77.32294650760122,Not Fraudulent
93.36,7,44.0,-68.0,45.0,-69.0,824,45,2020,7,20,16,117.09022405935366,Not Fraudulent
91.85,12,36.0,-89.0,37.0,-90.0,1019,41,2020,10,14,6,67.56804177136927,Not Fraudulent
140.17,11,43.0,-111.0,42.0,-111.0,471,53,2020,9,14,2,63.98691559478757,Not Fraudulent
125.24,7,46.0,-101.0,45.0,-101.0,77,30,2020,6,21,19,61.94462700815365,Not Fraudulent
45.22,0,42.0,-95.0,42.0,-94.0,885,71,2020,10,5,20,44.927499257568826,Not Fraudulent
10.06,2,38.0,-89.0,38.0,-88.0,1810,45,2020,12,17,17,33.87685959596316,Not Fraudulent
55.88,12,40.0,-92.0,39.0,-91.0,1132,59,2020,9,28,4,134.27694744966846,Not Fraudulent
7.67,0,36.0,-79.0,36.0,-78.0,6006,36,2020,8,15,19,106.5733745939642,Not Fraudulent
1.87,9,37.0,-82.0,37.0,-82.0,571,89,2020,8,22,2,28.448377900467243,Not Fraudulent
6.57,4,39.0,-102.0,39.0,-103.0,207,64,2020,8,11,22,53.78346136314748,Not Fraudulent
7.41,7,37.0,-77.0,38.0,-77.0,1051,43,2020,6,25,13,107.75840910970805,Not Fraudulent
25.44,10,31.0,-90.0,31.0,-91.0,2799,59,2020,11,13,1,26.172325750067333,Not Fraudulent
51.15,13,36.0,-81.0,36.0,-81.0,3495,32,2020,8,30,1,104.24632925422128,Not Fraudulent
37.11,13,42.0,-76.0,41.0,-77.0,520,29,2020,12,13,7,133.01961072246428,Not Fraudulent
11.5,13,45.0,-113.0,46.0,-114.0,218,24,2020,7,23,6,79.96775996184085,Not Fraudulent
5.02,9,38.0,-78.0,39.0,-78.0,863,48,2020,11,24,22,78.78407106987854,Not Fraudulent
194.37,1,40.0,-74.0,41.0,-75.0,1526206,48,2020,12,28,19,105.69912675339994,Not Fraudulent
50.35,8,48.0,-103.0,48.0,-102.0,248,52,2020,9,27,20,33.87336643445986,Not Fraudulent
42.51,12,39.0,-74.0,40.0,-75.0,526,79,2020,8,23,10,96.42423381000602,Not Fraudulent
45.21,8,43.0,-86.0,43.0,-87.0,128715,25,2020,8,5,15,80.18958686611911,Not Fraudulent
52.4,12,40.0,-91.0,40.0,-90.0,725,48,2020,12,29,2,76.76098155979831,Not Fraudulent
533.64,10,40.0,-80.0,40.0,-80.0,128,74,2020,10,8,10,61.91714895046361,Not Fraudulent
224.2,2,29.0,-95.0,29.0,-94.0,2906700,35,2020,8,29,2,71.60641872902151,Not Fraudulent
9.9,10,42.0,-104.0,42.0,-104.0,241,39,2020,8,2,2,64.81017969446069,Not Fraudulent
2.41,9,39.0,-119.0,39.0,-119.0,4290,30,2020,10,26,20,74.93596602824938,Not Fraudulent
18.2,6,30.0,-90.0,29.0,-90.0,8512,69,2020,12,7,7,84.16770302575866,Not Fraudulent
99.99,11,48.0,-118.0,48.0,-118.0,149,42,2020,9,1,4,96.76494717465985,Not Fraudulent
6.59,6,40.0,-74.0,39.0,-73.0,71485,45,2020,7,11,12,111.41175749428479,Not Fraudulent
127.95,5,39.0,-84.0,38.0,-84.0,177,46,2020,8,6,5,41.721206466983865,Not Fraudulent
16.86,0,37.0,-91.0,37.0,-91.0,241,46,2020,11,2,22,70.60311836022919,Not Fraudulent
56.27,5,39.0,-95.0,39.0,-95.0,163415,15,2020,7,11,23,55.37958849192324,Not Fraudulent
56.57,13,40.0,-80.0,41.0,-81.0,198,41,2020,8,14,11,131.69918869644638,Not Fraudulent
79.36,8,33.0,-82.0,33.0,-81.0,741,34,2020,7,14,14,57.285058537179154,Not Fraudulent
57.42,12,37.0,-86.0,37.0,-85.0,6841,21,2020,12,13,7,113.30050814529638,Not Fraudulent
73.05,12,30.0,-84.0,30.0,-85.0,1461,85,2020,11,10,7,66.60625751769726,Not Fraudulent
40.75,13,39.0,-75.0,40.0,-75.0,663,51,2020,12,13,4,100.00725832692775,Not Fraudulent
78.74,1,46.0,-90.0,46.0,-91.0,795,34,2020,12,4,15,77.96512947788969,Not Fraudulent
12.24,7,28.0,-81.0,28.0,-82.0,33804,29,2020,11,11,20,108.2037270184481,Not Fraudulent
142.5,11,41.0,-83.0,41.0,-83.0,1202,87,2020,7,7,8,80.52546100363597,Not Fraudulent
4.97,6,34.0,-86.0,35.0,-86.0,190178,47,2020,8,16,17,66.40007756236189,Not Fraudulent
6.75,1,40.0,-87.0,39.0,-86.0,4049,60,2020,8,23,17,54.46679791840837,Not Fraudulent
1.45,2,38.0,-94.0,39.0,-95.0,545147,33,2020,12,20,0,85.40773679251072,Not Fraudulent
86.39,4,35.0,-81.0,34.0,-81.0,5621,47,2020,12,31,18,66.56710689141474,Not Fraudulent
2.56,9,43.0,-97.0,43.0,-98.0,343,48,2020,12,25,19,80.46254121037606,Not Fraudulent
87.5,10,30.0,-92.0,30.0,-92.0,1261,48,2020,11,17,6,45.637595462013536,Not Fraudulent
2.24,10,30.0,-89.0,29.0,-89.0,1414,62,2020,12,6,4,83.91369895346251,Not Fraudulent
616.15,10,37.0,-77.0,36.0,-78.0,31970,85,2020,8,25,7,125.27315581026303,Not Fraudulent
24.24,6,45.0,-122.0,45.0,-122.0,42817,38,2020,12,28,12,51.03449779884465,Not Fraudulent
60.17,7,44.0,-93.0,44.0,-93.0,1201,41,2020,12,27,20,56.3088497362527,Not Fraudulent
21.63,5,38.0,-94.0,38.0,-94.0,545147,32,2020,11,13,14,45.30236839109294,Not Fraudulent
15.99,4,33.0,-86.0,33.0,-85.0,493806,40,2020,7,12,18,85.51702101810645,Not Fraudulent
36.19,1,33.0,-81.0,34.0,-81.0,1514,54,2020,12,20,12,74.3170050471118,Not Fraudulent
63.92,12,36.0,-83.0,37.0,-83.0,581,53,2020,7,21,7,53.051533596656654,Not Fraudulent
9.25,4,38.0,-94.0,38.0,-94.0,5760,41,2020,7,21,22,94.92426388321391,Not Fraudulent
63.34,13,32.0,-96.0,31.0,-97.0,1563,42,2020,6,26,1,113.71891491822636,Not Fraudulent
35.89,1,43.0,-86.0,44.0,-86.0,128715,25,2020,12,27,15,122.26913449314353,Not Fraudulent
35.76,8,46.0,-103.0,45.0,-102.0,475,64,2020,7,9,8,75.64748024808816,Not Fraudulent
150.09,11,40.0,-98.0,39.0,-99.0,331,70,2020,10,1,9,98.86101757955464,Not Fraudulent
46.64,6,33.0,-96.0,34.0,-96.0,4090,43,2020,10,10,15,107.58660263320382,Not Fraudulent
8.97,3,40.0,-91.0,41.0,-91.0,888,32,2020,10,30,15,90.51683988567633,Not Fraudulent
89.9,12,41.0,-74.0,40.0,-74.0,722,29,2020,7,28,5,102.32931575230718,Not Fraudulent
18.72,10,40.0,-98.0,40.0,-99.0,493,80,2020,12,11,2,39.521068425965574,Not Fraudulent
114.7,4,42.0,-77.0,41.0,-77.0,4895,61,2020,7,20,15,103.43899158143456,Not Fraudulent
34.91,2,44.0,-68.0,43.0,-69.0,824,46,2020,12,20,6,66.64463288949773,Not Fraudulent
86.92,7,41.0,-73.0,41.0,-72.0,2376,47,2020,11,21,15,57.53349618492629,Not Fraudulent
35.28,12,20.0,-155.0,20.0,-155.0,1490,29,2020,8,23,6,37.15038364427942,Not Fraudulent
5.66,2,36.0,-91.0,37.0,-92.0,1679,34,2020,7,6,12,95.67657198720798,Not Fraudulent
92.57,8,35.0,-97.0,36.0,-98.0,116001,27,2020,6,23,12,105.38551155474478,Not Fraudulent
2.65,6,34.0,-82.0,34.0,-82.0,1523,36,2020,12,30,17,44.58770634975377,Not Fraudulent
72.76,11,34.0,-118.0,33.0,-118.0,92043,59,2020,10,27,2,85.34066347336048,Not Fraudulent
82.34,12,42.0,-87.0,41.0,-88.0,27020,34,2020,8,22,11,69.54660524607665,Not Fraudulent
5.02,0,36.0,-84.0,35.0,-83.0,4729,38,2020,8,6,21,26.598371385006306,Not Fraudulent
2.32,6,38.0,-93.0,38.0,-94.0,2368,31,2020,8,17,20,100.19974499400664,Not Fraudulent
40.35,9,39.0,-105.0,40.0,-105.0,320420,44,2020,7,7,13,65.90051669665995,Not Fraudulent
248.45,2,35.0,-96.0,36.0,-96.0,7163,38,2020,8,23,23,95.2982058885334,Not Fraudulent
3.79,0,35.0,-80.0,35.0,-81.0,69793,66,2020,8,4,17,36.996108941334974,Not Fraudulent
5.94,9,41.0,-73.0,40.0,-73.0,2376,47,2020,7,12,19,82.4214560313221,Not Fraudulent
180.17,4,33.0,-81.0,33.0,-82.0,46944,78,2020,12,3,14,92.46383894866366,Not Fraudulent
177.44,6,40.0,-73.0,40.0,-73.0,47211,83,2020,12,6,1,30.758584182453895,Not Fraudulent
77.94,1,40.0,-85.0,40.0,-86.0,2304,65,2020,9,22,19,66.82157832550138,Not Fraudulent
9.97,8,27.0,-81.0,27.0,-81.0,50835,34,2020,6,26,18,53.33893352206938,Not Fraudulent
26.44,1,37.0,-85.0,37.0,-85.0,48194,30,2020,12,22,14,10.971698131515591,Not Fraudulent
65.37,1,42.0,-87.0,43.0,-87.0,27020,34,2020,12,22,19,113.9785569125787,Not Fraudulent
83.33,13,32.0,-96.0,31.0,-97.0,1263321,77,2020,8,15,9,116.28893293542878,Not Fraudulent
38.33,12,35.0,-91.0,36.0,-91.0,111,20,2020,12,27,0,82.9235309797965,Not Fraudulent
40.8,12,43.0,-111.0,42.0,-110.0,471,52,2020,6,28,2,105.23375611482813,Not Fraudulent
24.93,13,35.0,-84.0,36.0,-83.0,391389,26,2020,9,28,10,108.11629917369939,Not Fraudulent
6.69,4,37.0,-80.0,36.0,-80.0,1363,80,2020,12,7,17,89.84899950543945,Not Fraudulent
2.77,9,33.0,-98.0,33.0,-99.0,2317,56,2020,12,7,10,77.66309698308564,Not Fraudulent
38.65,10,46.0,-103.0,45.0,-102.0,475,64,2020,8,17,1,75.52250725678837,Not Fraudulent
28.85,7,28.0,-82.0,27.0,-81.0,717255,54,2020,11,14,13,120.10871428504296,Not Fraudulent
2.45,2,38.0,-122.0,39.0,-121.0,94014,34,2020,7,9,8,100.23293195304032,Not Fraudulent
221.74,0,41.0,-98.0,41.0,-98.0,1749,47,2020,9,13,15,23.71281265560787,Not Fraudulent
27.25,6,36.0,-115.0,35.0,-114.0,214518,60,2020,12,31,18,71.64144043111334,Not Fraudulent
135.43,2,38.0,-76.0,37.0,-75.0,313,44,2020,11,30,17,73.58039331548966,Not Fraudulent
154.64,11,40.0,-74.0,39.0,-75.0,2307,50,2020,7,14,10,111.2561492545844,Not Fraudulent
9.33,8,42.0,-74.0,41.0,-74.0,397,89,2020,12,16,14,88.12220835724818,Not Fraudulent
32.75,4,20.0,-155.0,20.0,-155.0,1490,29,2020,12,30,18,72.3715619840828,Not Fraudulent
6.0,9,41.0,-86.0,41.0,-86.0,3104,39,2020,12,20,19,96.6488168944705,Not Fraudulent
82.79,10,40.0,-79.0,40.0,-79.0,168,41,2020,7,19,4,34.5376207115301,Not Fraudulent
115.73,9,42.0,-73.0,42.0,-72.0,4015,49,2020,11,2,19,105.02617284725454,Not Fraudulent
106.49,8,46.0,-86.0,46.0,-86.0,765,48,2020,10,4,14,33.967106449526824,Not Fraudulent
16.51,6,40.0,-73.0,40.0,-73.0,21902,44,2020,9,3,17,70.35387750496365,Not Fraudulent
2.9,2,40.0,-91.0,41.0,-91.0,888,32,2020,7,5,22,78.46606979169593,Not Fraudulent
23.96,8,39.0,-105.0,38.0,-105.0,320420,45,2020,12,7,22,102.12022811266954,Not Fraudulent
63.45,6,45.0,-112.0,45.0,-111.0,286,31,2020,12,21,21,8.124785938989723,Not Fraudulent
344.82,2,43.0,-70.0,44.0,-71.0,1892,64,2020,7,2,9,92.30368543130666,Not Fraudulent
128.49,6,40.0,-73.0,39.0,-74.0,38912,58,2020,10,25,5,103.12830361531446,Not Fraudulent
3.73,8,29.0,-90.0,30.0,-90.0,68211,79,2020,12,10,3,49.24966144658791,Not Fraudulent
60.6,12,34.0,-81.0,34.0,-82.0,530,31,2020,12,4,5,98.7182256935165,Not Fraudulent
56.64,12,38.0,-122.0,37.0,-121.0,198,61,2020,12,20,2,106.2011314412928,Not Fraudulent
22.72,4,31.0,-102.0,32.0,-101.0,23,51,2020,12,31,22,123.62442711672746,Not Fraudulent
289.63,8,39.0,-94.0,39.0,-93.0,123373,27,2020,7,20,15,78.05802376251086,Not Fraudulent
168.99,4,32.0,-91.0,32.0,-92.0,6581,56,2020,7,8,23,77.98290806370403,Not Fraudulent
3.43,10,42.0,-71.0,42.0,-70.0,47249,40,2020,11,27,1,87.39933879476787,Not Fraudulent
6.62,3,38.0,-77.0,39.0,-78.0,321490,29,2020,12,27,18,117.51231304993917,Not Fraudulent
96.57,9,48.0,-102.0,48.0,-102.0,229,37,2020,10,11,7,82.3006242025021,Not Fraudulent
141.83,0,40.0,-91.0,40.0,-91.0,725,48,2020,12,28,14,54.50077770889536,Not Fraudulent
15.51,0,41.0,-93.0,42.0,-94.0,222785,64,2020,8,31,12,132.92773040402435,Not Fraudulent
35.33,2,40.0,-80.0,39.0,-80.0,198,42,2020,12,19,1,87.28253023189323,Not Fraudulent
91.68,7,35.0,-81.0,36.0,-81.0,885,32,2020,12,20,16,120.67464437123401,Not Fraudulent
5.89,9,40.0,-110.0,39.0,-109.0,302,30,2020,12,4,20,111.59687152022904,Not Fraudulent
30.44,7,30.0,-91.0,31.0,-91.0,378909,43,2020,7,7,23,108.2348425379226,Not Fraudulent
142.72,5,32.0,-91.0,33.0,-90.0,595,41,2020,12,2,11,56.57400750763555,Not Fraudulent
53.41,12,38.0,-78.0,38.0,-79.0,863,47,2020,7,21,6,73.90314400682577,Not Fraudulent
128.71,5,40.0,-76.0,39.0,-75.0,823,38,2020,7,6,1,91.50228374048694,Not Fraudulent
25.96,8,38.0,-86.0,38.0,-86.0,1228,29,2020,9,1,20,68.37562065867041,Not Fraudulent
102.22,6,42.0,-91.0,43.0,-91.0,878,46,2020,12,23,14,32.457367853633926,Not Fraudulent
47.2,12,32.0,-96.0,31.0,-95.0,1563,42,2020,12,8,10,106.78646229061151,Not Fraudulent
11.74,7,38.0,-90.0,38.0,-91.0,927396,60,2020,9,15,20,87.53924292942143,Not Fraudulent
42.27,2,37.0,-75.0,37.0,-75.0,741,34,2020,9,10,7,63.40061489738464,Not Fraudulent
116.7,1,41.0,-122.0,41.0,-122.0,589,74,2020,7,2,12,45.241839385830474,Not Fraudulent
25.75,13,41.0,-74.0,41.0,-73.0,722,30,2020,11,21,3,57.7201531430327,Not Fraudulent
86.92,1,28.0,-81.0,29.0,-81.0,11432,34,2020,8,31,13,87.80056547396343,Not Fraudulent
35.58,4,36.0,-81.0,35.0,-81.0,21134,36,2020,8,30,13,78.0519830225295,Not Fraudulent
96.69,9,32.0,-97.0,31.0,-96.0,5875,28,2020,12,1,13,100.11911610561887,Not Fraudulent
1.52,3,44.0,-69.0,43.0,-69.0,3224,23,2020,9,20,14,93.01130540675106,Not Fraudulent
3.83,6,37.0,-82.0,37.0,-83.0,571,89,2020,9,9,16,97.84981026676967,Not Fraudulent
7.88,9,38.0,-81.0,37.0,-81.0,5512,40,2020,12,21,19,92.52553992132503,Not Fraudulent
2.36,9,35.0,-106.0,36.0,-106.0,18408,48,2020,11,22,19,51.445528363689036,Not Fraudulent
1.85,9,39.0,-102.0,40.0,-103.0,207,64,2020,10,15,9,130.5270233798948,Not Fraudulent
8.23,3,39.0,-106.0,40.0,-106.0,61,80,2020,6,27,17,114.81348568325166,Not Fraudulent
12.0,8,40.0,-80.0,39.0,-80.0,28425,20,2020,12,12,17,97.1309223690958,Not Fraudulent
86.59,13,36.0,-81.0,37.0,-80.0,21134,36,2020,7,14,1,111.67641155973918,Not Fraudulent
1.19,2,35.0,-86.0,34.0,-87.0,158701,42,2020,9,12,23,115.48975520238254,Not Fraudulent
5.71,9,40.0,-79.0,40.0,-79.0,922,47,2020,8,31,14,47.68025732333999,Not Fraudulent
101.66,7,28.0,-81.0,28.0,-82.0,237282,70,2020,8,21,18,53.37288921250431,Not Fraudulent
11.03,8,27.0,-81.0,27.0,-81.0,14742,27,2020,7,13,15,41.404449679552165,Not Fraudulent
2.88,10,34.0,-86.0,34.0,-85.0,5901,48,2020,11,8,1,61.30485539948543,Not Fraudulent
5044.68,5,43.0,-71.0,42.0,-72.0,7430,65,2020,8,2,5,105.45338230493148,Not Fraudulent
436.8,5,41.0,-73.0,40.0,-73.0,11250,43,2020,10,17,14,25.979912648233515,Not Fraudulent
65.66,13,41.0,-81.0,40.0,-81.0,2644,37,2020,12,25,6,79.83502255122954,Not Fraudulent
32.62,0,41.0,-79.0,41.0,-79.0,1274,71,2020,8,24,15,81.20265360631798,Not Fraudulent
146.66,11,43.0,-89.0,42.0,-89.0,1628,52,2020,9,26,6,87.03843990618928,Not Fraudulent
1.13,3,38.0,-109.0,39.0,-109.0,46,33,2020,10,31,15,56.51950819062292,Not Fraudulent
119.46,1,43.0,-75.0,43.0,-76.0,6460,61,2020,9,28,19,85.37971801050719,Not Fraudulent
36.09,8,47.0,-96.0,47.0,-95.0,346,44,2020,12,20,16,79.43613789640916,Not Fraudulent
27.17,13,32.0,-96.0,33.0,-97.0,1263321,45,2020,12,8,2,92.11724739813712,Not Fraudulent
2.4,5,47.0,-97.0,48.0,-96.0,733,26,2020,12,6,18,117.70355097356916,Not Fraudulent
84.36,11,39.0,-74.0,39.0,-75.0,825,29,2020,9,13,5,17.875591113189095,Not Fraudulent
104.61,11,44.0,-90.0,45.0,-90.0,828,29,2020,12,20,11,118.88759358844626,Not Fraudulent
7.99,5,42.0,-71.0,42.0,-72.0,35299,45,2020,9,15,19,41.060019610970905,Not Fraudulent
3.78,6,40.0,-76.0,40.0,-76.0,213,48,2020,12,26,12,79.12610017722389,Not Fraudulent
33.72,7,41.0,-98.0,40.0,-97.0,1749,47,2020,7,28,13,76.47911815735476,Not Fraudulent
37.99,7,33.0,-80.0,33.0,-80.0,333497,52,2020,10,27,18,45.804436175878415,Not Fraudulent
123.41,8,38.0,-80.0,39.0,-79.0,571,52,2020,9,6,18,41.9996507912615,Not Fraudulent
35.3,2,33.0,-86.0,33.0,-86.0,71463,31,2020,12,10,12,47.6530781197879,Not Fraudulent
56.88,12,41.0,-92.0,41.0,-91.0,568,51,2020,11,22,2,52.22529809123121,Not Fraudulent
102.23,13,38.0,-76.0,38.0,-76.0,5927,47,2020,11,23,1,51.3006775972489,Not Fraudulent
65.04,1,24.0,-81.0,25.0,-81.0,32891,33,2020,8,14,15,80.10743920047645,Not Fraudulent
356.57,10,37.0,-80.0,37.0,-79.0,2443,78,2020,7,6,11,82.68037250479155,Not Fraudulent
2.7,5,48.0,-122.0,48.0,-122.0,85,36,2020,12,31,13,83.79643086853538,Not Fraudulent
130.92,11,38.0,-100.0,39.0,-99.0,269,57,2020,11,1,6,106.04303449707044,Not Fraudulent
154.11,8,38.0,-79.0,38.0,-79.0,365,50,2020,8,24,12,66.19127936089596,Not Fraudulent
106.5,11,42.0,-82.0,41.0,-83.0,134056,64,2020,11,3,10,101.93345501244879,Not Fraudulent
122.48,12,34.0,-118.0,34.0,-117.0,92043,59,2020,8,4,9,74.78404008183063,Not Fraudulent
16.57,0,34.0,-117.0,33.0,-118.0,59705,37,2020,11,19,18,90.56774861791475,Not Fraudulent
12.24,7,33.0,-98.0,34.0,-99.0,2317,56,2020,10,11,13,107.83574905197585,Not Fraudulent
41.02,7,34.0,-82.0,34.0,-81.0,1523,36,2020,12,7,14,102.74595329899205,Not Fraudulent
37.69,5,40.0,-75.0,40.0,-74.0,1526206,35,2020,12,7,15,85.68028231650003,Not Fraudulent
205.17,11,39.0,-82.0,39.0,-82.0,4512,27,2020,7,21,3,76.44552622027518,Not Fraudulent
9.29,8,43.0,-88.0,43.0,-88.0,5196,42,2020,7,28,22,70.13468988771156,Not Fraudulent
67.88,10,41.0,-86.0,40.0,-87.0,1423,22,2020,10,20,12,101.04018006059674,Not Fraudulent
77.0,1,46.0,-96.0,46.0,-96.0,291,29,2020,11,14,17,42.324905743676126,Not Fraudulent
34.78,0,39.0,-86.0,40.0,-85.0,910148,44,2020,7,14,20,105.4688919977188,Not Fraudulent
23.34,7,40.0,-78.0,41.0,-78.0,1762,58,2020,10,19,19,83.6023399311711,Not Fraudulent
59.36,12,44.0,-123.0,44.0,-123.0,917,25,2020,9,3,6,46.852820020121044,Not Fraudulent
49.94,12,31.0,-101.0,30.0,-101.0,1143,58,2020,8,24,1,136.85160859807544,Not Fraudulent
85.4,5,42.0,-84.0,42.0,-84.0,2523,32,2020,7,4,16,85.0281480715094,Not Fraudulent
56.59,7,38.0,-99.0,38.0,-99.0,320,59,2020,10,9,12,65.3412991358093,Not Fraudulent
1.05,0,39.0,-83.0,39.0,-83.0,22305,81,2020,8,20,13,13.39199840586193,Not Fraudulent
29.53,2,29.0,-95.0,30.0,-94.0,2906700,37,2020,12,14,1,125.08290779692466,Not Fraudulent
42.88,4,30.0,-90.0,31.0,-90.0,8512,69,2020,10,18,14,104.73323982651345,Not Fraudulent
121.39,11,32.0,-86.0,32.0,-87.0,1089,48,2020,9,16,5,60.83164346237976,Not Fraudulent
50.22,13,43.0,-90.0,42.0,-90.0,1360,35,2020,10,5,1,73.67143680763459,Not Fraudulent
43.17,4,40.0,-91.0,39.0,-91.0,725,47,2020,9,5,16,105.36652754158978,Not Fraudulent
2.96,3,30.0,-103.0,30.0,-102.0,498,29,2020,9,11,12,84.41148142938458,Not Fraudulent
1.03,9,39.0,-79.0,39.0,-79.0,184,75,2020,12,10,11,18.107943866920195,Not Fraudulent
4.48,1,39.0,-80.0,40.0,-80.0,724,24,2020,8,16,21,43.45133697014635,Not Fraudulent
714.25,10,40.0,-73.0,41.0,-74.0,21902,44,2020,10,16,3,91.94702683518865,Not Fraudulent
67.77,10,31.0,-94.0,30.0,-94.0,2836,34,2020,7,11,3,110.38649699623753,Not Fraudulent
15.6,7,33.0,-81.0,34.0,-82.0,2206,33,2020,11,27,14,97.0237796719939,Not Fraudulent
16.76,1,46.0,-86.0,46.0,-85.0,765,48,2020,7,22,22,86.65546670011318,Not Fraudulent
292.28,10,35.0,-78.0,35.0,-78.0,6629,58,2020,10,29,8,22.88761316811403,Not Fraudulent
74.96,8,45.0,-112.0,45.0,-111.0,286,31,2020,7,11,13,77.99662237125202,Not Fraudulent
75.27,11,41.0,-73.0,40.0,-74.0,3487,60,2020,12,6,10,55.79077545085937,Not Fraudulent
29.01,6,28.0,-81.0,29.0,-82.0,88735,32,2020,8,17,14,131.33540179321596,Not Fraudulent
2.05,5,39.0,-79.0,39.0,-78.0,3684,44,2020,9,21,19,66.19330151596115,Not Fraudulent
22.62,8,32.0,-79.0,32.0,-80.0,20478,23,2020,9,20,19,75.04174978286599,Not Fraudulent
6.03,2,29.0,-98.0,29.0,-98.0,1595797,44,2020,10,26,16,52.098085215391905,Not Fraudulent
57.25,5,39.0,-81.0,40.0,-82.0,1443,58,2020,9,5,11,69.0362347268995,Not Fraudulent
42.23,12,38.0,-92.0,37.0,-92.0,1847,31,2020,7,20,7,44.23712586652776,Not Fraudulent
72.47,1,40.0,-80.0,41.0,-79.0,198,42,2020,12,19,17,99.09376348340872,Not Fraudulent
93.82,11,32.0,-86.0,31.0,-86.0,1089,48,2020,7,6,9,100.58519601440499,Not Fraudulent
80.52,7,40.0,-74.0,40.0,-73.0,71485,45,2020,7,7,21,55.13096309533722,Not Fraudulent
23.51,6,37.0,-86.0,38.0,-87.0,344,53,2020,7,6,14,63.46193805128743,Not Fraudulent
2.0,7,41.0,-73.0,40.0,-73.0,11250,43,2020,12,11,12,55.31964050023115,Not Fraudulent
51.93,12,35.0,-111.0,35.0,-111.0,759,63,2020,7,23,2,80.32716544079565,Not Fraudulent
95.53,9,36.0,-93.0,37.0,-93.0,1201,40,2020,6,29,3,76.55718908718663,Not Fraudulent
85.69,12,34.0,-118.0,33.0,-117.0,172817,38,2020,9,18,6,110.27495016863519,Not Fraudulent
129.81,6,42.0,-91.0,43.0,-90.0,878,45,2020,9,22,20,82.63546879467496,Not Fraudulent
40.47,13,33.0,-86.0,33.0,-87.0,493806,39,2020,6,28,8,87.94980430893854,Not Fraudulent
85.58,6,26.0,-80.0,26.0,-80.0,26551,43,2020,12,19,18,26.31940670500749,Not Fraudulent
6.63,2,44.0,-93.0,44.0,-93.0,5211,33,2020,12,20,19,40.690533570504314,Not Fraudulent
76.1,9,44.0,-90.0,43.0,-90.0,828,28,2020,8,17,7,107.43305780430512,Not Fraudulent
8.25,10,39.0,-77.0,39.0,-77.0,1925,54,2020,11,8,2,8.053431610935954,Not Fraudulent
34.05,0,40.0,-74.0,40.0,-74.0,18459,91,2020,8,31,20,23.985880596183264,Not Fraudulent
4.59,5,35.0,-77.0,36.0,-77.0,5903,26,2020,7,30,18,93.46139095027874,Not Fraudulent
85.5,11,40.0,-91.0,40.0,-91.0,725,47,2020,7,31,11,25.976489469207532,Not Fraudulent
70.32,8,33.0,-86.0,33.0,-86.0,71463,31,2020,12,8,17,76.90872902735502,Not Fraudulent
205.41,11,38.0,-81.0,38.0,-82.0,21902,39,2020,7,18,4,39.68923328144779,Not Fraudulent
51.61,4,34.0,-102.0,34.0,-102.0,686,40,2020,8,13,22,41.9356263132867,Not Fraudulent
7.92,10,32.0,-79.0,32.0,-80.0,20478,23,2020,8,6,22,51.294906881123346,Not Fraudulent
132.02,11,37.0,-82.0,37.0,-83.0,798,94,2020,9,14,9,54.73383231480735,Not Fraudulent
53.28,12,36.0,-96.0,37.0,-97.0,471,79,2020,12,29,1,104.65343192499735,Not Fraudulent
69.56,10,41.0,-86.0,40.0,-87.0,1423,21,2020,7,14,21,105.19855696921108,Not Fraudulent
6.34,2,38.0,-90.0,38.0,-91.0,35439,35,2020,9,28,20,74.4304728287269,Not Fraudulent
39.23,2,38.0,-90.0,39.0,-90.0,927396,60,2020,12,1,1,110.88403300234755,Not Fraudulent
68.03,12,36.0,-90.0,36.0,-91.0,1120,63,2020,8,25,3,113.67633986689421,Not Fraudulent
126.16,11,40.0,-98.0,40.0,-98.0,493,79,2020,9,6,11,29.85197322188202,Not Fraudulent
42.72,11,41.0,-78.0,40.0,-78.0,3688,47,2020,9,26,4,27.84347366816245,Not Fraudulent
51.5,9,44.0,-122.0,44.0,-122.0,9587,52,2020,9,12,4,61.41698239524657,Not Fraudulent
3.07,5,42.0,-112.0,41.0,-112.0,4154,58,2020,12,26,6,88.03511578288571,Not Fraudulent
58.26,12,48.0,-93.0,48.0,-94.0,136,20,2020,10,26,11,74.98509945439416,Not Fraudulent
48.66,4,40.0,-76.0,40.0,-75.0,823,38,2020,7,6,15,31.35949547800737,Not Fraudulent
177.45,5,48.0,-93.0,47.0,-92.0,136,20,2020,12,20,22,127.5141810660196,Not Fraudulent
29.18,7,41.0,-74.0,41.0,-74.0,2258,83,2020,7,1,23,38.927052606151896,Not Fraudulent
91.45,0,39.0,-83.0,38.0,-83.0,338,32,2020,11,22,21,77.87142525527567,Not Fraudulent
32.88,8,43.0,-97.0,44.0,-96.0,811,48,2020,7,20,22,119.8126977577614,Not Fraudulent
4.72,8,40.0,-73.0,41.0,-73.0,9506,67,2020,8,31,11,71.7998508127864,Not Fraudulent
32.86,0,32.0,-86.0,31.0,-87.0,1089,48,2020,8,29,16,83.29700489914582,Not Fraudulent
49.25,12,31.0,-96.0,32.0,-97.0,522,74,2020,7,31,5,131.92111931926863,Not Fraudulent
71.78,0,36.0,-90.0,35.0,-89.0,1120,63,2020,10,5,20,75.672927462325,Not Fraudulent
54.29,10,40.0,-73.0,40.0,-74.0,34496,49,2020,7,16,0,60.43509856977721,Not Fraudulent
37.93,7,32.0,-91.0,32.0,-92.0,6581,56,2020,6,25,15,51.526809342870735,Not Fraudulent
19.44,10,38.0,-89.0,38.0,-88.0,2135,59,2020,8,17,2,89.46976370036708,Not Fraudulent
94.13,9,42.0,-88.0,43.0,-87.0,928,35,2020,7,18,11,97.70700689551249,Not Fraudulent
3.67,0,34.0,-92.0,34.0,-93.0,4074,44,2020,12,10,13,82.45105908704849,Not Fraudulent
4.81,2,41.0,-85.0,41.0,-84.0,5341,25,2020,7,21,21,55.626779492297416,Not Fraudulent
6.9,10,41.0,-81.0,41.0,-80.0,2644,36,2020,6,30,6,108.15416516773239,Not Fraudulent
21.19,2,33.0,-93.0,33.0,-94.0,36438,35,2020,7,11,10,94.26639210776281,Not Fraudulent
262.22,2,44.0,-76.0,44.0,-76.0,1271,62,2020,12,14,4,48.00854750793622,Not Fraudulent
39.08,12,44.0,-73.0,44.0,-72.0,4542,22,2020,7,12,6,84.18052230074115,Not Fraudulent
170.16,0,38.0,-75.0,38.0,-74.0,718,35,2020,9,9,16,71.41004342464905,Not Fraudulent
63.84,6,33.0,-86.0,32.0,-87.0,71463,31,2020,7,22,12,96.66832665564846,Not Fraudulent
53.53,6,39.0,-79.0,40.0,-79.0,1946,30,2020,8,20,12,91.52288791474615,Not Fraudulent
6.01,4,42.0,-75.0,41.0,-74.0,165,74,2020,9,12,13,91.09752225371064,Not Fraudulent
42.07,12,39.0,-119.0,40.0,-120.0,276896,23,2020,11,18,1,60.02578742420862,Not Fraudulent
33.1,13,38.0,-90.0,37.0,-91.0,92608,19,2020,8,18,9,107.05862530255278,Not Fraudulent
182.95,7,38.0,-76.0,39.0,-75.0,3289,87,2020,7,18,12,73.15308838672303,Not Fraudulent
79.72,4,34.0,-81.0,35.0,-81.0,8333,26,2020,10,14,12,94.76053552528894,Not Fraudulent
3.49,9,42.0,-91.0,42.0,-90.0,878,46,2020,12,20,22,31.86583464620966,Not Fraudulent
4.23,9,48.0,-103.0,48.0,-103.0,248,52,2020,6,22,8,52.85770013577646,Not Fraudulent
1.45,10,40.0,-98.0,40.0,-99.0,463,72,2020,12,29,11,77.88154269379876,Not Fraudulent
6.04,5,42.0,-83.0,41.0,-83.0,24840,60,2020,12,13,11,93.46326802970445,Not Fraudulent
17.51,7,48.0,-118.0,49.0,-118.0,149,42,2020,12,12,18,94.12662977407217,Not Fraudulent
24.24,8,38.0,-76.0,39.0,-76.0,5848,39,2020,7,14,12,40.72973697340533,Not Fraudulent
4.32,5,40.0,-73.0,40.0,-74.0,3279,41,2020,8,25,20,62.83203852542846,Not Fraudulent
6.99,3,39.0,-95.0,39.0,-95.0,163415,15,2020,8,9,14,52.22280274878053,Not Fraudulent
71.46,12,48.0,-122.0,47.0,-122.0,85,35,2020,8,15,8,61.51743466947057,Not Fraudulent
9.2,9,42.0,-78.0,42.0,-78.0,1766,58,2020,11,6,10,79.52349067395502,Not Fraudulent
19.57,4,39.0,-95.0,39.0,-94.0,2661,71,2020,7,28,23,42.45898923772212,Not Fraudulent
56.45,12,34.0,-118.0,34.0,-118.0,34882,49,2020,12,13,1,65.74383021617169,Not Fraudulent
2.73,0,40.0,-73.0,40.0,-73.0,3279,42,2020,10,26,18,57.23560169869687,Not Fraudulent
76.67,1,42.0,-74.0,42.0,-73.0,277,48,2020,8,29,15,26.030282757203995,Not Fraudulent
19.12,0,41.0,-96.0,41.0,-97.0,614,53,2020,10,3,18,53.257152357187756,Not Fraudulent
116.2,7,31.0,-94.0,30.0,-95.0,2836,35,2020,12,21,12,113.53822178195827,Not Fraudulent
1.76,3,41.0,-122.0,41.0,-123.0,589,74,2020,7,18,22,88.92409388973246,Not Fraudulent
85.17,9,42.0,-74.0,42.0,-74.0,277,48,2020,10,6,6,59.193611384356586,Not Fraudulent
16.11,7,34.0,-118.0,33.0,-119.0,172817,38,2020,12,22,14,99.81900131392958,Not Fraudulent
12.29,7,47.0,-95.0,46.0,-96.0,516,54,2020,12,20,17,99.01582748764616,Not Fraudulent
30.17,10,42.0,-75.0,42.0,-75.0,165,75,2020,10,19,3,62.96919809521415,Not Fraudulent
59.95,8,29.0,-96.0,29.0,-96.0,106,37,2020,8,18,20,43.48424454348116,Not Fraudulent
8.9,0,42.0,-88.0,41.0,-87.0,92294,51,2020,7,30,15,45.79209272206056,Not Fraudulent
3.5,4,35.0,-91.0,35.0,-91.0,111,20,2020,12,27,19,49.70178700452531,Not Fraudulent
5.21,8,36.0,-78.0,37.0,-78.0,1970,35,2020,12,11,16,60.11041964043586,Not Fraudulent
198.81,11,33.0,-111.0,33.0,-110.0,2872,32,2020,9,28,4,43.88801543633976,Not Fraudulent
577.52,10,36.0,-95.0,36.0,-96.0,413574,52,2020,12,28,7,38.291342995694535,Not Fraudulent
7.14,1,37.0,-82.0,36.0,-82.0,502,60,2020,12,1,12,31.390860204114848,Not Fraudulent
2.76,2,34.0,-84.0,34.0,-85.0,74,76,2020,7,1,2,63.34994682957883,Not Fraudulent
174.07,0,38.0,-90.0,38.0,-91.0,927396,60,2020,7,28,21,63.92088965694906,Not Fraudulent
86.72,11,45.0,-93.0,44.0,-93.0,1022298,52,2020,9,7,2,42.1386835128356,Not Fraudulent
57.86,4,40.0,-80.0,40.0,-80.0,632,31,2020,8,17,15,37.63830779159985,Not Fraudulent
57.04,7,43.0,-72.0,43.0,-71.0,2971,72,2020,11,15,15,90.57164574764963,Not Fraudulent
72.16,8,30.0,-92.0,29.0,-91.0,1261,48,2020,12,14,17,112.59911677342679,Not Fraudulent
75.96,7,30.0,-95.0,30.0,-95.0,4993,71,2020,7,21,14,47.61665548935512,Not Fraudulent
6.02,2,35.0,-97.0,36.0,-97.0,1493,35,2020,7,7,14,76.43454097131162,Not Fraudulent
95.32,9,40.0,-80.0,40.0,-80.0,632,31,2020,12,14,10,61.75912516294498,Not Fraudulent
30.65,0,34.0,-91.0,34.0,-91.0,5161,27,2020,7,26,19,78.06290278310009,Not Fraudulent
1.94,2,40.0,-110.0,40.0,-110.0,302,30,2020,12,8,18,17.92290056523071,Not Fraudulent
217.54,2,38.0,-77.0,39.0,-77.0,207410,36,2020,9,15,21,89.3884777207415,Not Fraudulent
37.42,4,42.0,-83.0,42.0,-83.0,75830,45,2020,7,26,16,27.358555513842326,Not Fraudulent
7.71,9,38.0,-92.0,38.0,-92.0,1847,32,2020,12,10,13,16.463078614152,Not Fraudulent
6.07,10,41.0,-85.0,40.0,-85.0,5341,25,2020,11,5,8,94.95749385758963,Not Fraudulent
104.31,7,30.0,-83.0,30.0,-83.0,94325,33,2020,12,24,20,24.827148794299276,Not Fraudulent
2.16,5,34.0,-82.0,34.0,-81.0,1523,36,2020,12,22,13,104.2878089482513,Not Fraudulent
102.03,9,35.0,-89.0,35.0,-89.0,1804,45,2020,10,12,0,71.14499292347972,Not Fraudulent
